"siteName","stateCode","siteVisitName","latitude_Degree","longitude_Degree","siteVisitStartDate","unique_species_count"
"NSABBS0001","NS",20180511,-31.28119,148.9766,"2018-05-11T15:21:54",18
"NSABBS0002","NS",20180512,-31.27945,148.9925,"2018-05-12T13:41:09",17
"NSABBS0003","NS",20180513,-30.45465,149.2268,"2018-05-13T15:25:40",11
"NSABBS0004","NS",20180514,-30.46096,149.2469,"2018-05-14T11:40:15",8
"NSABBS0005","NS",20180515,-30.49878,149.28,"2018-05-15T09:52:21",9
"NSABBS0006","NS",20180515,-30.51027,149.2673,"2018-05-15T15:49:17",11
"NSABHC0001","NS",20120529,-31.89335,141.4338,"2012-05-29T00:00:00",23
"NSABHC0002","NS",20120531,-31.92703,141.433,"2012-05-31T00:00:00",22
"NSABHC0003","NS",20120604,-31.82872,141.434,"2012-06-04T00:00:00",19
"NSABHC0004","NS",20120606,-31.84728,141.9481,"2012-06-06T00:00:00",41
"NSABHC0005","NS",20120730,-31.84496,141.9405,"2012-07-30T00:00:00",21
"NSABHC0006","NS",20120801,-31.88421,141.7823,"2012-08-01T00:00:00",23
"NSABHC0007","NS",20120802,-31.90113,141.7644,"2012-08-02T00:00:00",36
"NSABHC0008","NS",20120831,-31.88592,141.5288,"2012-08-31T00:00:00",29
"NSABHC0009","NS",20120903,-31.08023,141.6974,"2012-09-03T00:00:00",37
"NSABHC0009","NS",20160913,-31.08023,141.6974,"2016-09-13T11:11:06",46
"NSABHC0010","NS",20120904,-31.07672,141.7003,"2012-09-04T00:00:00",17
"NSABHC0011","NS",20120918,-31.02532,141.6781,"2012-09-18T00:00:00",25
"NSABHC0012","NS",20120919,-31.07957,141.7411,"2012-09-19T00:00:00",39
"NSABHC0012","NS",20160915,-31.07957,141.7411,"2016-09-15T09:49:34",41
"NSABHC0013","NS",20120920,-31.32392,141.6008,"2012-09-20T00:00:00",24
"NSABHC0014","NS",20120921,-31.33115,141.5915,"2012-09-21T00:00:00",21
"NSABHC0015","NS",20130205,-31.83394,141.0592,"2013-02-05T00:00:00",26
"NSABHC0016","NS",20131206,-31.83403,141.0614,"2013-12-06T00:00:00",14
"NSABHC0017","NS",20130207,-31.84331,141.1926,"2013-02-07T00:00:00",19
"NSABHC0018","NS",20130313,-32.24909,142.0537,"2013-03-13T13:40:00",11
"NSABHC0019","NS",20130313,-32.51485,141.5496,"2013-03-13T13:43:00",18
"NSABHC0020","NS",20130314,-32.26481,141.5007,"2013-03-14T00:00:00",18
"NSABHC0021","NS",20140419,-32.12007,141.8683,"2014-04-19T00:00:00",33
"NSABHC0022","NS",20140419,-30.66608,142.4724,"2014-04-19T00:00:00",18
"NSABHC0023","NS",20140421,-31.34395,142.1366,"2014-04-21T00:00:00",26
"NSABHC0024","NS",20140422,-31.34679,142.1485,"2014-04-22T00:00:00",32
"NSABHC0025","NS",20140602,-32.42053,141.5354,"2014-06-02T00:00:00",23
"NSABHC0026","NS",20140604,-31.77803,142.268,"2014-06-04T00:00:00",41
"NSABHC0028","NS",20160912,-31.06598,141.7173,"2016-09-12T13:10:42",19
"NSABHC0029","NS",20160912,-31.06217,141.6694,"2016-09-12T15:35:12",18
"NSACHC0001","NS",20180417,-29.44539,142.2648,"2018-04-17T09:44:11",9
"NSACHC0002","NS",20180417,-29.30673,142.1806,"2018-04-17T14:04:50",10
"NSACHC0003","NS",20180418,-29.21309,141.8955,"2018-04-18T11:15:14",5
"NSACHC0004","NS",20180418,-29.06618,141.8645,"2018-04-18T15:51:01",6
"NSACOP0001","NS",20180410,-32.59106,145.5407,"2018-04-10T11:32:44",5
"NSACOP0002","NS",20180411,-32.60452,145.6653,"2018-04-11T15:01:29",7
"NSAMDD0001","NS",20140527,-34.18392,142.5602,"2014-05-27T00:00:00",15
"NSAMDD0002","NS",20140528,-34.20482,142.6026,"2014-05-28T00:00:00",12
"NSAMDD0003","NS",20140528,-34.20754,142.6041,"2014-05-28T00:00:00",12
"NSAMDD0004","NS",20140529,-34.16537,142.5594,"2014-05-29T00:00:00",17
"NSAMDD0005","NS",20140530,-33.65619,143.2039,"2014-05-30T00:00:00",21
"NSAMDD0006","NS",20140530,-33.66432,143.1665,"2014-05-30T00:00:00",16
"NSAMDD0007","NS",20140530,-33.37998,141.1608,"2014-05-30T00:00:00",13
"NSAMDD0008","NS",20140601,-33.43096,141.072,"2014-06-01T00:00:00",19
"NSAMDD0009","NS",20140601,-33.44049,141.0655,"2014-06-01T00:00:00",11
"NSAMDD0010","NS",20140602,-33.4076,141.2935,"2014-06-02T00:00:00",12
"NSAMDD0011","NS",20140602,-33.43882,141.0127,"2014-06-02T00:00:00",7
"NSAMDD0012","NS",20140603,-33.26316,141.2662,"2014-06-03T00:00:00",1
"NSAMDD0013","NS",20140604,-33.23765,141.1065,"2014-06-04T12:00:00",21
"NSAMDD0014","NS",20140604,-33.16794,141.1918,"2014-06-04T00:00:00",10
"NSAMDD0015","NS",20140605,-33.31182,141.0901,"2014-06-05T00:00:00",15
"NSAMDD0016","NS",20140605,-33.28229,141.0898,"2014-06-05T00:00:00",22
"NSAMDD0017","NS",20140806,-33.66876,145.5664,"2014-08-06T00:00:00",19
"NSAMDD0018","NS",20140806,-33.56723,145.784,"2014-08-06T14:33:43",28
"NSAMDD0019","NS",20140807,-33.19215,145.6994,"2014-08-07T11:05:01",16
"NSAMDD0020","NS",20140807,-33.2068,145.7086,"2014-08-07T16:29:11",16
"NSAMDD0021","NS",20140808,-33.20084,145.7172,"2014-08-08T12:29:16",21
"NSAMDD0022","NS",20140809,-33.22522,145.7602,"2014-08-09T08:19:04",17
"NSAMDD0023","NS",20140810,-32.69009,144.6498,"2014-08-10T08:59:38",24
"NSAMDD0024","NS",20140810,-32.68221,144.6275,"2014-08-10T14:05:25",14
"NSAMDD0025","NS",20140812,-31.60859,144.247,"2014-08-12T00:00:00",12
"NSAMDD0026","NS",20140812,-31.62801,144.2012,"2014-08-12T14:26:59",9
"NSAMDD0027","NS",20140813,-31.48692,144.1896,"2014-08-13T09:26:55",11
"NSAMDD0028","NS",20140813,-31.49144,144.1828,"2014-08-13T15:02:08",18
"NSAMDD0029","NS",20140814,-31.33252,144.367,"2014-08-14T10:39:55",19
"NSAMDD0030","NS",20140814,-31.31793,144.3638,"2014-08-14T14:47:24",20
"NSAMDD0031","NS",20180411,-32.58627,145.4922,"2018-04-11T10:34:32",11
"NSAMDD0032","NS",20180412,-32.74325,145.4209,"2018-04-12T09:18:03",13
"NSAMUL0001","NS",20180414,-29.24619,145.0093,"2018-04-14T09:11:07",6
"NSAMUL0002","NS",20180414,-29.21015,145.0424,"2018-04-14T15:09:46",13
"NSAMUL0003","NS",20180415,-29.18589,145.0571,"2018-04-15T10:29:41",11
"NSAMUL0004","NS",20180415,-29.16999,145.0669,"2018-04-15T14:47:42",5
"NSANAN0001","NS",20180516,-30.28374,150.1527,"2018-05-16T14:53:06",17
"NSANAN0002","NS",20180516,-30.28228,150.1521,"2018-05-16T14:46:51",15
"NSANET0001","NS",20180518,-29.25648,151.7079,"2018-05-18T09:05:18",33
"NSANET0002","NS",20190313,-30.40673,151.6358,"2019-03-13T11:05:34",9
"NSANET0003","NS",20190314,-30.40192,151.6237,"2019-03-14T09:10:27",13
"NSANET0004","NS",20190314,-30.41821,151.6109,"2019-03-14T16:06:37",13
"NSANSS0001","NS",20180509,-32.74986,148.3477,"2018-05-09T15:45:00",16
"NSANSS0002","NS",20180509,-32.83523,148.324,"2018-05-09T15:24:22",24
"NSTNSS0001","NS",20151118,-33.08391,150.2281,"2015-11-18T12:04:14",10
"NSTSYB0001","NS",20151111,-33.67334,151.135,"2015-11-11T12:11:06",48
"NSTSYB0002","NS",20151112,-33.59471,150.6259,"2015-11-12T11:50:49",40
"NSTSYB0003","NS",20151114,-33.52669,150.5658,"2015-11-14T11:47:52",39
"NSTSYB0004","NS",20151115,-33.70502,150.4564,"2015-11-15T13:42:38",47
"NSTSYB0005","NS",20151117,-33.64791,150.3192,"2015-11-17T11:33:02",32
"NSTSYB0006","NS",20151119,-33.31101,150.2512,"2015-11-19T09:36:46",24
"NSTSYB0007","NS",20151120,-33.32937,150.1397,"2015-11-20T09:31:17",27
"NSTSYB0008","NS",20151121,-33.22035,150.0272,"2015-11-21T13:03:00",24
"NSTSYB0009","NS",20151120,-33.57883,150.3646,"2015-11-20T00:00:00",51
"NTAARP0001","NT",20160602,-13.55729,132.2701,"2016-06-02T08:52:59",44
"NTAARP0002","NT",20160602,-13.54561,132.2944,"2016-06-02T17:24:35",36
"NTAARP0003","NT",20160603,-13.51697,132.4571,"2016-06-03T14:50:55",21
"NTAARP0004","NT",20180304,-12.69178,132.9865,"2018-03-04T00:00:00",46
"NTAARP0004","NT",20210606,-12.69178,132.9865,"2021-06-06T00:00:00",31
"NTAARP0005","NT",20180323,-12.72723,132.985,"2018-03-23T00:00:00",28
"NTAARP0005","NT",20210604,-12.72723,132.985,"2021-06-04T00:00:00",31
"NTABRT0001","NT",20120319,-22.2836,133.2473,"2012-03-19T00:00:00",21
"NTABRT0001","NT",20200801,-22.2836,133.2473,"2020-08-01T12:21:49",24
"NTABRT0002","NT",20120321,-22.28367,133.2506,"2012-03-21T12:00:00",19
"NTABRT0002","NT",20200731,-22.28367,133.2506,"2020-07-31T15:47:57",27
"NTABRT0003","NT",20120322,-22.28358,133.2699,"2012-03-22T00:00:00",17
"NTABRT0003","NT",20200801,-22.28358,133.2699,"2020-08-01T16:58:47",25
"NTABRT0004","NT",20120323,-22.28981,133.6164,"2012-03-23T12:00:00",19
"NTABRT0004","NT",20200808,-22.28981,133.6164,"2020-08-08T18:45:56",26
"NTABRT0005","NT",20120324,-22.29108,133.6121,"2012-03-24T00:00:00",17
"NTABRT0005","NT",20200802,-22.29108,133.6121,"2020-08-02T12:02:00",26
"NTABRT0006","NT",20120324,-22.28908,133.6133,"2012-03-24T00:00:00",17
"NTABRT0006","NT",20200808,-22.28908,133.6133,"2020-08-08T11:29:33",31
"NTABRT0007","NT",20200807,-22.28835,133.6381,"2020-08-07T13:59:44",17
"NTABRT0008","NT",20200809,-21.90425,133.4484,"2020-08-09T15:55:26",11
"NTADAC0001","NT",20130528,-13.15835,130.7779,"2013-05-28T00:00:00",17
"NTADAC0002","NT",20160506,-12.73922,132.3403,"2016-05-06T09:17:06",30
"NTADMR0001","NT",20200803,-19.3531,134.5674,"2020-08-03T17:22:18",14
"NTADMR0002","NT",20200804,-19.57508,134.2031,"2020-08-04T10:54:06",11
"NTAFIN0001","NT",20111020,-24.1243,133.4679,"2011-10-20T12:00:00",26
"NTAFIN0001","NT",20160304,-24.1243,133.4679,"2016-03-04T00:00:00",19
"NTAFIN0001","NT",20190526,-24.1243,133.4679,"2019-05-26T15:22:10",18
"NTAFIN0002","NT",20110923,-24.00942,133.4343,"2011-09-23T00:00:00",27
"NTAFIN0002","NT",20160305,-24.00942,133.4343,"2016-03-05T00:00:00",24
"NTAFIN0002","NT",20190528,-24.00942,133.4343,"2019-05-28T11:50:00",23
"NTAFIN0003","NT",20110924,-24.1322,133.477,"2011-09-24T00:00:00",10
"NTAFIN0003","NT",20160304,-24.1322,133.477,"2016-03-04T00:00:00",13
"NTAFIN0003","NT",20190525,-24.1322,133.477,"2019-05-25T14:16:31",12
"NTAFIN0004","NT",20111006,-24.18724,133.3764,"2011-10-06T00:00:00",17
"NTAFIN0004","NT",20160302,-24.18724,133.3764,"2016-03-02T00:00:00",13
"NTAFIN0004","NT",20190526,-24.18724,133.3764,"2019-05-26T08:56:27",14
"NTAFIN0005","NT",20111005,-24.1965,133.3739,"2011-10-05T00:00:00",16
"NTAFIN0005","NT",20160306,-24.1965,133.3739,"2016-03-06T00:00:00",12
"NTAFIN0005","NT",20190525,-24.1965,133.3739,"2019-05-25T17:36:23",10
"NTAFIN0006","NT",20111007,-24.17759,133.3794,"2011-10-07T00:00:00",5
"NTAFIN0006","NT",20160306,-24.17759,133.3794,"2016-03-06T00:00:00",21
"NTAFIN0006","NT",20190526,-24.17759,133.3794,"2019-05-26T17:34:12",18
"NTAFIN0007","NT",20111012,-23.94119,133.436,"2011-10-12T00:00:00",16
"NTAFIN0007","NT",20160302,-23.94119,133.436,"2016-03-02T00:00:00",18
"NTAFIN0007","NT",20190528,-23.94119,133.436,"2019-05-28T15:32:25",17
"NTAFIN0008","NT",20111013,-23.93063,133.4155,"2011-10-13T00:00:00",6
"NTAFIN0008","NT",20160303,-23.93063,133.4155,"2016-03-03T09:56:02",13
"NTAFIN0008","NT",20190530,-23.93063,133.4155,"2019-05-30T09:09:34",10
"NTAFIN0009","NT",20111017,-24.12802,133.3909,"2011-10-17T00:00:00",10
"NTAFIN0009","NT",20160306,-24.12802,133.3909,"2016-03-06T00:00:00",22
"NTAFIN0009","NT",20190527,-24.12802,133.3909,"2019-05-27T15:48:13",19
"NTAFIN0010","NT",20111018,-24.13329,133.3733,"2011-10-18T00:00:00",14
"NTAFIN0010","NT",20160307,-24.13329,133.3733,"2016-03-07T00:00:00",24
"NTAFIN0010","NT",20190527,-24.13329,133.3733,"2019-05-27T13:35:17",22
"NTAFIN0011","NT",20111020,-24.16188,133.3272,"2011-10-20T00:00:00",19
"NTAFIN0011","NT",20160306,-24.16188,133.3272,"2016-03-06T00:00:00",23
"NTAFIN0011","NT",20190527,-24.16188,133.3272,"2019-05-27T10:16:22",19
"NTAFIN0012","NT",20111104,-24.56923,133.1421,"2011-11-04T00:00:00",8
"NTAFIN0013","NT",20111105,-24.54154,133.1846,"2011-11-05T00:00:00",27
"NTAFIN0014","NT",20111107,-24.53091,133.1695,"2011-11-07T00:00:00",15
"NTAFIN0015","NT",20111108,-24.5157,133.2228,"2011-11-08T00:00:00",6
"NTAFIN0016","NT",20111109,-24.48436,133.303,"2011-11-09T00:00:00",11
"NTAFIN0017","NT",20111129,-24.37749,132.9603,"2011-11-29T00:00:00",6
"NTAFIN0018","NT",20111130,-24.36466,132.9494,"2011-11-30T00:00:00",26
"NTAFIN0019","NT",20111201,-24.35818,132.9357,"2011-12-01T00:00:00",23
"NTAFIN0020","NT",20111207,-24.66857,133.4017,"2011-12-07T00:00:00",17
"NTAFIN0021","NT",20111208,-24.67202,133.4639,"2011-12-08T00:00:00",9
"NTAFIN0022","NT",20111209,-24.63119,133.4522,"2011-12-09T00:00:00",19
"NTAFIN0023","NT",20111210,-24.55977,133.4374,"2011-12-10T00:00:00",17
"NTAFIN0024","NT",20120213,-24.91757,133.6592,"2012-02-13T00:00:00",11
"NTAFIN0025","NT",20120214,-24.81836,133.6765,"2012-02-14T00:00:00",22
"NTAFIN0026","NT",20120314,-23.90726,133.7499,"2012-03-14T00:00:00",26
"NTAFIN0027","NT",20120326,-23.83573,133.6333,"2012-03-26T00:00:00",14
"NTAFIN0028","NT",20120922,-25.76993,133.3931,"2012-09-22T00:00:00",14
"NTAFIN0029","NT",20120923,-25.73747,133.4385,"2012-09-23T00:00:00",15
"NTAFIN0030","NT",20121024,-25.94811,133.7812,"2012-10-24T00:00:00",17
"NTAFIN0031","NT",20121025,-25.89989,133.8966,"2012-10-25T00:00:00",23
"NTAFIN0032","NT",20121101,-23.95377,133.9226,"2012-11-01T00:00:00",22
"NTAFIN0033","NT",20121106,-24.03366,133.9718,"2012-11-06T00:00:00",21
"NTAGFU0001","NT",20120412,-18.90551,137.0693,"2012-04-12T00:00:00",30
"NTAGFU0002","NT",20120413,-18.91812,137.0522,"2012-04-13T00:00:00",18
"NTAGFU0003","NT",20120414,-18.63437,137.1244,"2012-04-14T00:00:00",13
"NTAGFU0004","NT",20120415,-18.62406,137.1235,"2012-04-15T00:00:00",15
"NTAGFU0005","NT",20120416,-18.65319,137.1211,"2012-04-16T00:00:00",24
"NTAGFU0006","NT",20120418,-18.77869,136.8471,"2012-04-18T00:00:00",29
"NTAGFU0007","NT",20120419,-18.77691,136.8262,"2012-04-19T00:00:00",9
"NTAGFU0008","NT",20120420,-18.78608,136.8653,"2012-04-20T00:00:00",12
"NTAGFU0009","NT",20120421,-18.80098,136.9834,"2012-04-21T00:00:00",18
"NTAGFU0010","NT",20120509,-17.89628,137.1006,"2012-05-09T00:00:00",5
"NTAGFU0011","NT",20120510,-17.89571,137.0724,"2012-05-10T00:00:00",29
"NTAGFU0012","NT",20120511,-17.89564,137.019,"2012-05-11T00:00:00",18
"NTAGFU0013","NT",20120512,-17.89591,137.0116,"2012-05-12T00:00:00",29
"NTAGFU0014","NT",20120514,-17.75179,136.9389,"2012-05-14T00:00:00",19
"NTAGFU0015","NT",20120514,-17.74446,136.943,"2012-05-14T00:00:00",18
"NTAGFU0016","NT",20120516,-17.22089,137.2603,"2012-05-16T12:00:00",19
"NTAGFU0017","NT",20120517,-17.3549,137.158,"2012-05-17T00:00:00",31
"NTAGFU0018","NT",20120518,-17.27249,137.1834,"2012-05-18T00:00:00",12
"NTAGFU0019","NT",20120518,-17.21774,137.2363,"2012-05-18T00:00:00",30
"NTAGFU0020","NT",20120605,-16.72487,135.9633,"2012-06-05T00:00:00",25
"NTAGFU0021","NT",20120606,-16.7154,135.9429,"2012-06-06T00:00:00",16
"NTAGFU0022","NT",20120607,-16.73101,135.9634,"2012-06-07T00:00:00",10
"NTAGFU0023","NT",20120609,-16.82389,135.83,"2012-06-09T00:00:00",19
"NTAGFU0024","NT",20120610,-16.826,135.8932,"2012-06-10T00:00:00",13
"NTAGFU0025","NT",20120610,-16.82524,135.8552,"2012-06-10T00:00:00",15
"NTAGFU0026","NT",20120612,-15.80912,135.4061,"2012-06-12T00:00:00",23
"NTAGFU0027","NT",20120613,-15.67927,135.4606,"2012-06-13T00:00:00",29
"NTAGFU0028","NT",20120614,-15.62924,135.4598,"2012-06-14T00:00:00",28
"NTAGFU0029","NT",20120615,-15.5381,135.409,"2012-06-15T00:00:00",31
"NTAGFU0030","NT",20120705,-14.1349,134.3778,"2012-07-05T00:00:00",26
"NTAGFU0031","NT",20120706,-14.12586,134.3867,"2012-07-06T00:00:00",22
"NTAGFU0032","NT",20120707,-14.15062,134.3736,"2012-07-07T00:00:00",17
"NTAGFU0033","NT",20120708,-14.17696,134.3555,"2012-07-08T00:00:00",23
"NTAGFU0034","NT",20120709,-14.06223,134.4216,"2012-07-09T00:00:00",9
"NTAGFU0035","NT",20120710,-14.04786,134.4207,"2012-07-10T00:00:00",21
"NTAGFU0036","NT",20120711,-14.67457,133.863,"2012-07-11T00:00:00",16
"NTAGFU0037","NT",20120712,-14.67367,133.8924,"2012-07-12T00:00:00",11
"NTAGFU0038","NT",20120712,-14.68998,133.8937,"2012-07-12T00:00:00",10
"NTAGFU0039","NT",20120714,-14.6768,133.8823,"2012-07-14T00:00:00",29
"NTAGFU0040","NT",20120715,-14.67371,133.8448,"2012-07-15T00:00:00",40
"NTAGFU0041","NT",20160502,-14.77999,132.8915,"2016-05-02T11:48:10",36
"NTAMAC0001","NT",20141006,-23.96591,133.3723,"2014-10-06T11:29:31",22
"NTAMAC0001","NT",20190529,-23.96591,133.3723,"2019-05-29T13:10:06",16
"NTAMAC0002","NT",20141007,-23.96164,133.4035,"2014-10-07T09:44:00",11
"NTAMAC0002","NT",20190529,-23.96164,133.4035,"2019-05-29T11:01:54",12
"NTAMAC0003","NT",20141006,-23.95909,133.4085,"2014-10-06T00:00:00",16
"NTAMAC0003","NT",20190529,-23.95909,133.4085,"2019-05-29T14:18:07",13
"NTAMGD0001","NT",20140313,-20.02302,137.3271,"2014-03-13T00:00:00",21
"NTAMGD0002","NT",20140312,-20.02464,137.3258,"2014-03-12T00:00:00",37
"NTAMGD0003","NT",20160428,-17.35821,133.4389,"2016-04-28T09:38:07",47
"NTAMGD0004","NT",20160429,-17.52132,133.5235,"2016-04-29T09:01:26",39
"NTAMGD0005","NT",20160429,-17.45585,133.4836,"2016-04-29T14:35:35",27
"NTAPCK0001","NT",20160504,-12.67578,132.8181,"2016-05-04T15:12:47",34
"NTAPCK0002","NT",20160505,-12.82043,132.7935,"2016-05-05T13:41:51",40
"NTAPCK0003","NT",20180312,-12.6255,132.8539,"2018-03-12T12:00:00",47
"NTAPCK0003","NT",20210602,-12.6255,132.8539,"2021-06-02T00:00:00",36
"NTAPCK0004","NT",20180319,-12.62383,132.8607,"2018-03-19T12:00:00",39
"NTAPCK0004","NT",20210603,-12.62383,132.8607,"2021-06-03T00:00:00",41
"NTAPCK0005","NT",20210603,-12.57337,132.8388,"2021-06-03T00:00:00",13
"NTAPCK0006","NT",20180409,-12.64993,132.8656,"2018-04-09T12:00:00",45
"NTAPCK0006","NT",20210606,-12.64993,132.8656,"2021-06-06T00:00:00",57
"NTAPCK0007","NT",20180305,-12.69368,132.8543,"2018-03-05T12:00:00",41
"NTAPCK0007","NT",20210607,-12.69368,132.8543,"2021-06-07T00:00:00",51
"NTAPCK1009","NT",20190304,-12.67194,132.9423,"2019-03-04T12:00:00",33
"NTAPCK1010","NT",20190304,-12.67691,132.9648,"2019-03-04T12:00:00",42
"NTAPCK1011","NT",20210308,-12.7012,132.9298,"2021-03-08T12:00:00",34
"NTAPCK1012","NT",20210308,-12.70221,132.9329,"2021-03-08T12:00:00",33
"NTAPCK2013","NT",20190311,-12.70617,132.9274,"2019-03-11T12:00:00",67
"NTAPCK2014","NT",20190311,-12.69911,132.9305,"2019-03-11T12:00:00",59
"NTASSD0001","NT",20120818,-25.30979,136.307,"2012-08-18T00:00:00",14
"NTASSD0003","NT",20120820,-25.29944,136.2989,"2012-08-20T00:00:00",23
"NTASSD0004","NT",20120821,-25.25327,136.2748,"2012-08-21T00:00:00",15
"NTASSD0005","NT",20120918,-25.75411,136.547,"2012-09-18T00:00:00",22
"NTASSD0006","NT",20120918,-25.75344,136.5478,"2012-09-18T00:00:00",8
"NTASSD0007","NT",20120919,-25.78356,136.5649,"2012-09-19T00:00:00",26
"NTASSD0008","NT",20120919,-25.77834,136.5625,"2012-09-19T00:00:00",13
"NTASSD0009","NT",20120922,-24.78173,136.0115,"2012-09-22T00:00:00",21
"NTASSD0010","NT",20120923,-24.79283,136.0214,"2012-09-23T00:00:00",25
"NTASSD0011","NT",20130319,-25.48055,135.1151,"2013-03-19T00:00:00",4
"NTASSD0012","NT",20130320,-25.50322,135.1157,"2013-03-20T00:00:00",5
"NTASSD0013","NT",20130320,-25.52405,135.1395,"2013-03-20T21:58:17",3
"NTASSD0014","NT",20130323,-25.13787,135.3707,"2013-03-23T00:00:00",5
"NTASSD0015","NT",20130324,-25.12393,135.6168,"2013-03-24T00:00:00",17
"NTASSD0016","NT",20130322,-25.11011,135.508,"2013-03-22T19:01:33",11
"NTASSD0017","NT",20130321,-25.47659,135.2584,"2013-03-21T00:00:00",15
"NTASSD0018","NT",20130322,-25.12793,135.5226,"2013-03-22T23:48:22",8
"NTASSD0019","NT",20130325,-25.09441,135.6408,"2013-03-25T00:00:00",9
"NTASTU0001","NT",20160430,-15.87686,133.4119,"2016-04-30T12:43:22",18
"NTASTU0002","NT",20160501,-15.76784,133.3782,"2016-05-01T16:58:00",20
"NTASTU0003","NT",20160501,-15.70665,133.3275,"2016-05-01T15:10:00",26
"NTASTU0004","NT",20160503,-14.86384,132.9914,"2016-05-03T09:41:51",36
"NTASTU0005","NT",20160503,-14.90864,133.0478,"2016-05-03T15:15:53",28
"NTATAN0001","NT",20200805,-20.69951,134.2054,"2020-08-05T12:00:00",18
"NTATAN0002","NT",20200805,-20.72288,134.2004,"2020-08-05T13:28:07",25
"NTATAN0003","NT",20200806,-20.92154,133.8714,"2020-08-06T10:31:58",15
"NTATAN0004","NT",20200806,-20.92178,133.8861,"2020-08-06T12:00:00",25
"NTTDAB0001","NT",20140317,-13.96288,131.674,"2014-03-17T00:00:00",30
"NTTDAC0001","NT",20140318,-13.13983,130.7957,"2014-03-18T00:00:00",35
"NTTDMR0001","NT",20140313,-18.08004,133.6845,"2014-03-13T00:00:00",47
"NTTDMR0002","NT",20140314,-18.0725,133.635,"2014-03-14T00:00:00",25
"NTTDMR0003","NT",20140314,-18.07204,133.6669,"2014-03-14T01:00:00",42
"NTTMGD0001","NT",20140315,-17.28297,133.4239,"2014-03-15T00:00:00",28
"NTTPCK0001","NT",20140319,-12.87196,131.127,"2014-03-19T00:00:00",36
"NTTSTU0001","NT",20140315,-16.63024,133.2712,"2014-03-15T00:00:00",38
"QDABBN0001","QD",20190407,-23.85901,148.1582,"2019-04-07T15:43:12",19
"QDABBN0002","QD",20190408,-23.86988,148.1494,"2019-04-08T15:07:27",27
"QDABBS0001","QD",20190404,-24.80013,147.7694,"2019-04-04T12:28:49",20
"QDABBS0002","QD",20190404,-24.8324,147.642,"2019-04-04T16:31:25",14
"QDABBS0003","QD",20190405,-24.82158,147.7411,"2019-04-05T10:23:36",40
"QDABBS0004","QD",20190405,-24.78414,147.7596,"2019-04-05T17:41:03",38
"QDABBS0005","QD",20190406,-24.76852,147.7666,"2019-04-06T16:27:56",43
"QDABBS0006","QD",20190410,-27.15261,151.2334,"2019-04-10T10:00:54",30
"QDABBS0007","QD",20190410,-27.32918,151.2422,"2019-04-10T14:28:38",45
"QDABBS0008","QD",20190411,-27.33087,151.2493,"2019-04-11T09:47:50",37
"QDABBS0009","QD",20190413,-27.38565,151.6128,"2019-04-13T09:34:15",39
"QDABBS0010","QD",20210328,-27.65796,151.5223,"2021-03-28T11:12:12",45
"QDACHC0001","QD",20130422,-24.1046,143.2573,"2013-04-22T00:00:00",4
"QDACHC0002","QD",20130424,-24.12596,143.1692,"2013-04-24T00:00:00",5
"QDACHC0003","QD",20130423,-24.11638,143.1649,"2013-04-23T11:59:00",11
"QDACHC0004","QD",20130519,-23.71877,141.0919,"2013-05-19T13:44:00",14
"QDACHC0005","QD",20130519,-23.72167,141.0723,"2013-05-19T00:00:00",7
"QDACHC0006","QD",20130520,-23.76945,141.1335,"2013-05-20T16:09:00",6
"QDACHC0007","QD",20130520,-23.83569,141.0291,"2013-05-20T00:00:00",3
"QDACYP0001","QD",20180607,-15.27823,145.2528,"2018-06-07T08:28:25",20
"QDACYP0002","QD",20180607,-15.28454,145.1915,"2018-06-07T14:26:49",29
"QDACYP0003","QD",20180608,-15.27674,145.2863,"2018-06-08T11:17:00",28
"QDACYP0004","QD",20180609,-14.09284,142.9771,"2018-06-09T15:21:06",56
"QDACYP0005","QD",20180610,-14.14262,142.9763,"2018-06-10T11:31:51",56
"QDACYP0006","QD",20180611,-14.22668,142.9325,"2018-06-11T13:28:13",37
"QDACYP0007","QD",20180611,-14.22659,142.9852,"2018-06-11T14:57:30",48
"QDACYP0008","QD",20180612,-14.29825,143.0932,"2018-06-12T10:55:42",45
"QDACYP0009","QD",20180612,-14.0673,143.2083,"2018-06-12T17:35:14",58
"QDACYP0010","QD",20180614,-13.09186,142.7728,"2018-06-14T09:01:21",37
"QDACYP0011","QD",20180614,-13.20697,142.7398,"2018-06-14T15:47:59",45
"QDACYP0012","QD",20180615,-13.32028,142.5913,"2018-06-15T14:56:01",29
"QDACYP0013","QD",20180704,-12.20213,142.5687,"2018-07-04T09:01:09",42
"QDACYP0014","QD",20180704,-12.19935,142.5499,"2018-07-04T16:09:04",55
"QDACYP0015","QD",20180705,-12.21936,142.5385,"2018-07-05T14:05:28",31
"QDACYP0016","QD",20180706,-11.49716,142.4303,"2018-07-06T15:08:48",47
"QDACYP0017","QD",20180707,-11.54331,142.4394,"2018-07-07T13:53:21",40
"QDACYP0018","QD",20180708,-11.05363,142.3668,"2018-07-08T13:59:58",36
"QDACYP0019","QD",20180709,-10.72754,142.4903,"2018-07-09T13:20:40",24
"QDACYP0020","QD",20180710,-10.93617,142.467,"2018-07-10T09:47:57",26
"QDACYP0021","QD",20180710,-10.93745,142.4597,"2018-07-10T16:10:27",49
"QDACYP0022","QD",20180711,-10.78816,142.4383,"2018-07-11T14:22:17",42
"QDACYP0023","QD",20180712,-12.33224,142.2311,"2018-07-12T16:17:48",39
"QDACYP0024","QD",20180713,-12.36808,142.2043,"2018-07-13T14:25:25",36
"QDADEU0001","QD",20210430,-20.54622,146.129,"2021-04-30T11:24:07",41
"QDADEU0002","QD",20210501,-20.54572,146.1272,"2021-05-01T08:57:50",42
"QDADEU0003","QD",20210501,-20.53182,146.1358,"2021-05-01T15:27:00",39
"QDADEU0004","QD",20210502,-20.53574,146.1361,"2021-05-02T10:21:18",39
"QDADEU0005","QD",20210503,-20.54874,146.1356,"2021-05-03T10:03:35",49
"QDADEU0006","QD",20210503,-20.54982,146.137,"2021-05-03T14:26:06",54
"QDAEIU0001","QD",20130612,-19.53871,144.21,"2013-06-12T14:06:00",14
"QDAEIU0002","QD",20130612,-19.5525,144.2242,"2013-06-12T00:00:00",25
"QDAEIU0003","QD",20130613,-19.40991,144.1696,"2013-06-13T15:01:00",21
"QDAEIU0003","QD",20220603,-19.40991,144.1696,"2022-06-03T08:01:56",31
"QDAEIU0004","QD",20130613,-19.44658,144.1615,"2013-06-13T00:00:00",19
"QDAEIU0005","QD",20130930,-18.45494,143.8994,"2013-09-30T00:00:00",2
"QDAEIU0006","QD",20131001,-18.46785,143.8917,"2013-10-01T00:00:00",16
"QDAEIU0006","QD",20210508,-18.46785,143.8917,"2021-05-08T13:52:54",23
"QDAEIU0007","QD",20131001,-18.46784,143.8908,"2013-10-01T00:00:00",14
"QDAEIU0007","QD",20210508,-18.46784,143.8908,"2021-05-08T13:56:08",18
"QDAEIU0008","QD",20210505,-19.88787,146.1892,"2021-05-05T10:22:12",47
"QDAEIU0009","QD",20210505,-19.88786,146.1872,"2021-05-05T14:15:00",41
"QDAEIU0010","QD",20210506,-19.89337,146.1824,"2021-05-06T12:00:00",49
"QDAGUP0001","QD",20130616,-20.10876,143.7244,"2013-06-16T00:00:00",18
"QDAGUP0002","QD",20130615,-20.031,143.7625,"2013-06-15T09:57:00",27
"QDAGUP0003","QD",20130617,-20.39928,143.6817,"2013-06-17T00:00:00",19
"QDAGUP0004","QD",20130726,-20.01373,142.4779,"2013-07-26T00:00:00",21
"QDAGUP0005","QD",20130618,-19.99137,142.465,"2013-06-18T00:00:00",16
"QDAGUP0006","QD",20130619,-19.95565,142.4021,"2013-06-19T10:36:00",17
"QDAGUP0007","QD",20130619,-20.08432,141.817,"2013-06-19T10:44:00",13
"QDAGUP0008","QD",20130620,-19.80169,142.0215,"2013-06-20T00:00:00",25
"QDAGUP0009","QD",20130620,-19.84587,141.9607,"2013-06-20T00:00:00",13
"QDAGUP0010","QD",20130621,-19.91485,141.8343,"2013-06-21T11:15:00",23
"QDAGUP0011","QD",20130621,-19.93982,141.8278,"2013-06-21T00:00:00",25
"QDAGUP0012","QD",20130710,-19.58185,140.3117,"2013-07-10T00:00:00",19
"QDAGUP0013","QD",20130711,-19.29783,140.1637,"2013-07-11T00:00:00",9
"QDAGUP0014","QD",20130711,-18.23884,140.787,"2013-07-11T13:34:00",15
"QDAGUP0015","QD",20130712,-18.25705,140.7326,"2013-07-12T12:00:00",16
"QDAGUP0016","QD",20130712,-18.24886,140.7483,"2013-07-12T14:12:00",22
"QDAGUP0017","QD",20130712,-17.64138,141.0863,"2013-07-12T00:00:00",11
"QDAGUP0018","QD",20130713,-17.66054,141.1054,"2013-07-13T14:24:00",18
"QDAGUP0019","QD",20130714,-17.62166,141.0737,"2013-07-14T12:00:00",6
"QDAGUP0020","QD",20130715,-17.01356,140.9602,"2013-07-15T12:00:00",6
"QDAGUP0021","QD",20130716,-17.00219,140.9937,"2013-07-16T12:00:00",22
"QDAGUP0022","QD",20130716,-17.02224,141.0555,"2013-07-16T15:43:00",9
"QDAGUP0023","QD",20130717,-17.02339,141.0373,"2013-07-17T12:00:00",8
"QDAGUP0024","QD",20130717,-17.46354,140.8475,"2013-07-17T15:57:00",5
"QDAGUP0025","QD",20130718,-17.45802,140.8402,"2013-07-18T12:00:00",16
"QDAGUP0026","QD",20130718,-17.47049,140.8477,"2013-07-18T16:25:00",21
"QDAGUP0027","QD",20130719,-17.37573,141.1758,"2013-07-19T12:00:00",9
"QDAGUP0028","QD",20130719,-17.29504,141.1789,"2013-07-19T09:42:00",18
"QDAGUP0029","QD",20130924,-16.84716,143.1585,"2013-09-24T12:00:00",17
"QDAGUP0029","QD",20220531,-16.84716,143.1585,"2022-05-31T00:00:00",39
"QDAGUP0030","QD",20130925,-16.84804,143.1585,"2013-09-25T00:00:00",21
"QDAGUP0031","QD",20130924,-16.84806,143.1575,"2013-09-24T00:00:00",17
"QDAGUP0031","QD",20220601,-16.84806,143.1575,"2022-06-01T13:51:43",32
"QDAGUP0032","QD",20220528,-19.13589,143.4732,"2022-05-28T15:34:30",43
"QDAMGD0001","QD",20130417,-23.52077,144.2259,"2013-04-17T00:00:00",19
"QDAMGD0002","QD",20130418,-23.50948,144.226,"2013-04-18T00:00:00",24
"QDAMGD0003","QD",20130420,-23.53083,144.3035,"2013-04-20T13:50:00",12
"QDAMGD0004","QD",20130419,-23.51407,144.3417,"2013-04-19T00:00:00",20
"QDAMGD0005","QD",20130419,-23.51774,144.3333,"2013-04-19T00:00:00",23
"QDAMGD0006","QD",20130420,-23.66471,144.0418,"2013-04-20T13:56:00",12
"QDAMGD0007","QD",20130421,-23.65817,144.0949,"2013-04-21T00:00:00",15
"QDAMGD0008","QD",20130421,-23.64601,144.075,"2013-04-21T14:05:00",11
"QDAMGD0009","QD",20130422,-24.09416,143.3365,"2013-04-22T12:00:00",11
"QDAMGD0010","QD",20130423,-24.09121,143.3534,"2013-04-23T00:00:00",16
"QDAMGD0011","QD",20130422,-24.08063,143.3152,"2013-04-22T14:17:00",5
"QDAMGD0012","QD",20130426,-24.82182,144.8236,"2013-04-26T15:24:00",22
"QDAMGD0013","QD",20130514,-22.51618,143.0502,"2013-05-14T00:00:00",9
"QDAMGD0014","QD",20130514,-22.50515,143.0252,"2013-05-14T15:33:00",12
"QDAMGD0015","QD",20130515,-22.56293,143.0582,"2013-05-15T00:00:00",13
"QDAMGD0016","QD",20130515,-22.50896,143.1399,"2013-05-15T15:48:00",11
"QDAMGD0017","QD",20130516,-22.11497,143.2994,"2013-05-16T15:52:00",11
"QDAMGD0018","QD",20130516,-22.11818,143.3372,"2013-05-16T00:00:00",11
"QDAMGD0019","QD",20130517,-22.07012,142.2318,"2013-05-17T00:00:00",3
"QDAMGD0020","QD",20130517,-22.0636,142.223,"2013-05-17T09:24:00",7
"QDAMGD0021","QD",20130518,-22.3808,141.2999,"2013-05-18T12:00:00",12
"QDAMGD0022","QD",20130518,-22.36874,141.2873,"2013-05-18T09:34:00",17
"QDAMGD0023","QD",20130521,-23.68724,140.9866,"2013-05-21T00:00:00",14
"QDAMGD0024","QD",20130521,-23.64642,141.0037,"2013-05-21T09:53:00",12
"QDAMGD0025","QD",20130617,-20.33795,143.8724,"2013-06-17T12:00:00",13
"QDAMGD0026","QD",20130616,-20.39619,143.8608,"2013-06-16T00:00:00",9
"QDAMGD0027","QD",20140310,-20.06952,138.1746,"2014-03-10T00:00:00",25
"QDAMGD0028","QD",20140311,-19.94914,138.0986,"2014-03-11T00:00:00",34
"QDAMII0001","QD",20130710,-19.50785,140.2214,"2013-07-10T15:49:00",18
"QDAMII0002","QD",20140311,-20.00789,138.1606,"2014-03-11T00:00:00",21
"QDAMUL0001","QD",20130426,-24.73365,144.6834,"2013-04-26T00:00:00",7
"QDAMUL0002","QD",20130427,-24.73815,144.7016,"2013-04-27T14:35:00",1
"QDAMUL0003","QD",20130426,-24.75512,144.7083,"2013-04-26T00:00:00",15
"QDASEQ0001","QD",20210324,-27.38897,152.8801,"2021-03-24T09:42:50",46
"QDASEQ0002","QD",20190411,-26.90262,151.6327,"2019-04-11T16:34:43",31
"QDASEQ0003","QD",20210325,-27.39112,152.8767,"2021-03-25T09:22:24",54
"QDASEQ0004","QD",20210326,-27.39006,152.8758,"2021-03-26T17:15:44",55
"QDASSD0001","QD",20140430,-23.76407,138.4765,"2014-04-30T00:00:00",9
"QDASSD0001","QD",20150425,-23.76407,138.4765,"2015-04-25T00:00:00",15
"QDASSD0001","QD",20180611,-23.76407,138.4765,"2018-06-11T09:34:00",16
"QDASSD0001","QD",20210625,-23.76407,138.4765,"2021-06-25T12:00:00",9
"QDASSD0002","QD",20140501,-23.82772,138.3897,"2014-05-01T00:00:00",11
"QDASSD0002","QD",20150416,-23.82772,138.3897,"2015-04-16T00:00:00",16
"QDASSD0002","QD",20180621,-23.82772,138.3897,"2018-06-21T13:22:00",16
"QDASSD0002","QD",20210630,-23.82772,138.3897,"2021-06-30T12:00:00",13
"QDASSD0003","QD",20140501,-23.83157,138.4074,"2014-05-01T00:00:00",16
"QDASSD0003","QD",20150416,-23.83157,138.4074,"2015-04-16T00:00:00",17
"QDASSD0003","QD",20180621,-23.83157,138.4074,"2018-06-21T11:13:00",16
"QDASSD0003","QD",20210626,-23.83157,138.4074,"2021-06-26T12:00:00",12
"QDASSD0004","QD",20140502,-23.68013,138.4338,"2014-05-02T00:00:00",9
"QDASSD0004","QD",20150416,-23.68013,138.4338,"2015-04-16T00:00:00",8
"QDASSD0004","QD",20180629,-23.68013,138.4338,"2018-06-29T11:58:00",13
"QDASSD0004","QD",20210624,-23.68013,138.4338,"2021-06-24T12:00:00",11
"QDASSD0005","QD",20140502,-23.69444,138.441,"2014-05-02T00:00:00",9
"QDASSD0005","QD",20150426,-23.69444,138.441,"2015-04-26T00:00:00",15
"QDASSD0005","QD",20180622,-23.69444,138.441,"2018-06-22T14:17:00",11
"QDASSD0006","QD",20140503,-23.87954,138.0984,"2014-05-03T00:00:00",16
"QDASSD0006","QD",20150418,-23.87954,138.0984,"2015-04-18T00:00:00",22
"QDASSD0006","QD",20180617,-23.87954,138.0984,"2018-06-17T14:20:00",21
"QDASSD0006","QD",20210628,-23.87954,138.0984,"2021-06-28T12:00:00",10
"QDASSD0007","QD",20140505,-23.88049,138.0964,"2014-05-05T00:00:00",13
"QDASSD0007","QD",20150420,-23.88049,138.0964,"2015-04-20T00:00:00",13
"QDASSD0007","QD",20180619,-23.88049,138.0964,"2018-06-19T14:23:00",20
"QDASSD0007","QD",20210628,-23.88049,138.0964,"2021-06-28T12:00:00",19
"QDASSD0008","QD",20140504,-23.95415,138.137,"2014-05-04T00:00:00",12
"QDASSD0008","QD",20150420,-23.95415,138.137,"2015-04-20T00:00:00",13
"QDASSD0008","QD",20180619,-23.95415,138.137,"2018-06-19T00:00:00",20
"QDASSD0009","QD",20140504,-23.96731,138.141,"2014-05-04T00:00:00",6
"QDASSD0009","QD",20150421,-23.96731,138.141,"2015-04-21T00:00:00",16
"QDASSD0009","QD",20180618,-23.96731,138.141,"2018-06-18T12:00:00",11
"QDASSD0009","QD",20210629,-23.96731,138.141,"2021-06-29T12:00:00",15
"QDASSD0010","QD",20140505,-23.73102,138.0004,"2014-05-05T00:00:00",10
"QDASSD0010","QD",20180620,-23.73102,138.0004,"2018-06-20T14:39:00",25
"QDASSD0010","QD",20210627,-23.73102,138.0004,"2021-06-27T12:00:00",10
"QDASSD0011","QD",20140507,-23.23663,138.2261,"2014-05-07T00:00:00",16
"QDASSD0011","QD",20150423,-23.23663,138.2261,"2015-04-23T00:00:00",15
"QDASSD0011","QD",20180622,-23.23663,138.2261,"2018-06-22T14:42:00",14
"QDASSD0011","QD",20210622,-23.23663,138.2261,"2021-06-22T12:00:00",15
"QDASSD0012","QD",20140507,-23.3445,138.2522,"2014-05-07T00:00:00",7
"QDASSD0012","QD",20150424,-23.3445,138.2522,"2015-04-24T00:00:00",13
"QDASSD0012","QD",20180623,-23.3445,138.2522,"2018-06-23T14:44:00",16
"QDASSD0012","QD",20210623,-23.3445,138.2522,"2021-06-23T12:00:00",11
"QDASSD0013","QD",20140507,-23.29419,138.226,"2014-05-07T00:00:00",10
"QDASSD0013","QD",20150424,-23.29419,138.226,"2015-04-24T00:00:00",21
"QDASSD0013","QD",20180425,-23.29419,138.226,"2018-04-25T14:47:00",16
"QDASSD0013","QD",20210622,-23.29419,138.226,"2021-06-22T12:00:00",8
"QDASSD0014","QD",20140508,-23.17579,138.1673,"2014-05-08T00:00:00",17
"QDASSD0014","QD",20150423,-23.17579,138.1673,"2015-04-23T00:00:00",16
"QDASSD0014","QD",20180623,-23.17579,138.1673,"2018-06-23T14:49:00",23
"QDASSD0014","QD",20210621,-23.17579,138.1673,"2021-06-21T12:00:00",19
"QDASSD0015","QD",20140508,-23.18808,138.1931,"2014-05-08T00:00:00",16
"QDASSD0015","QD",20150425,-23.18808,138.1931,"2015-04-25T00:00:00",16
"QDASSD0015","QD",20180624,-23.18808,138.1931,"2018-06-24T14:52:00",16
"SAABHC0001","SA",20180420,-31.92288,140.4652,"2018-04-20T15:53:53",13
"SAABHC0001","SA",20191005,-31.92288,140.4652,"2019-10-05T09:58:06",14
"SAABHC0002","SA",20180420,-31.98337,140.5024,"2018-04-20T15:10:14",12
"SAABHC0002","SA",20191007,-31.98337,140.5024,"2019-10-07T12:37:38",14
"SAABHC0003","SA",20180421,-31.94266,140.5466,"2018-04-21T09:50:44",13
"SAABHC0003","SA",20191008,-31.94266,140.5466,"2019-10-08T09:32:00",12
"SAABHC0004","SA",20180421,-32.019,140.5269,"2018-04-21T14:34:41",16
"SAABHC0004","SA",20191006,-32.019,140.5269,"2019-10-06T10:50:24",14
"SAABHC0005","SA",20191003,-31.97321,140.5836,"2019-10-03T13:19:22",4
"SAABHC0006","SA",20191004,-31.9047,140.6802,"2019-10-04T10:41:24",6
"SAACHC0003","SA",20210529,-27.49371,140.1208,"2021-05-29T00:00:00",15
"SAACHC0004","SA",20210530,-27.49191,140.1199,"2021-05-30T13:21:38",12
"SAACHC0005","SA",20210531,-27.51445,140.1782,"2021-05-31T13:24:56",13
"SAACHC0006","SA",20210601,-27.51486,140.1806,"2021-06-01T00:00:00",14
"SAACHC0008","SA",20210901,-27.34928,140.1579,"2021-09-01T00:00:00",19
"SAACHC0009","SA",20210901,-27.35049,140.1575,"2021-09-01T00:00:00",19
"SAACHC0010","SA",20210902,-27.47068,140.1863,"2021-09-02T12:00:00",12
"SAACHC0011","SA",20210902,-27.47213,140.1879,"2021-09-02T00:00:00",10
"SAACHC0012","SA",20210902,-27.61024,140.3599,"2021-09-02T00:00:00",19
"SAACHC0014","SA",20210906,-28.09195,140.5801,"2021-09-06T00:00:00",20
"SAAEYB0001","SA",20151012,-34.4568,137.3646,"2015-10-12T15:00:12",17
"SAAEYB0002","SA",20200820,-35.10106,137.3957,"2020-08-20T12:54:42",29
"SAAEYB0003","SA",20200914,-35.17267,137.1651,"2020-09-14T15:46:01",37
"SAAEYB0004","SA",20200819,-35.15363,137.0784,"2020-08-19T11:29:01",36
"SAAEYB0005","SA",20200917,-35.11345,137.0174,"2020-09-17T14:52:10",38
"SAAEYB0006","SA",20201001,-35.13279,137.0959,"2020-10-01T13:27:25",43
"SAAEYB0007","SA",20200818,-35.27047,136.8778,"2020-08-18T10:53:44",36
"SAAEYB0008","SA",20200915,-35.04935,137.2139,"2020-09-15T11:48:37",41
"SAAEYB0009","SA",20200928,-35.25536,136.8482,"2020-09-28T18:01:54",26
"SAAEYB0010","SA",20200929,-35.24625,136.9267,"2020-09-29T09:01:35",38
"SAAEYB0011","SA",20201020,-35.15691,137.0469,"2020-10-20T19:47:23",41
"SAAEYB0012","SA",20200930,-35.17259,136.9466,"2020-09-30T08:32:49",44
"SAAEYB0013","SA",20201015,-35.18972,137.0969,"2020-10-15T14:44:19",27
"SAAEYB0015","SA",20210921,-35.19624,136.9541,"2021-09-21T00:00:00",48
"SAAEYB0016","SA",20210923,-35.17895,137.18,"2021-09-23T00:00:00",26
"SAAEYB0021","SA",20200911,-33.83882,136.1292,"2020-09-11T16:41:39",17
"SAAEYB0022","SA",20200912,-33.8353,136.0189,"2020-09-12T12:13:06",20
"SAAEYB0023","SA",20200912,-33.81099,136.1473,"2020-09-12T16:26:19",23
"SAAEYB0024","SA",20200913,-33.76161,136.0674,"2020-09-13T12:25:53",22
"SAAEYB0025","SA",20200914,-34.66209,135.371,"2020-09-14T13:52:27",47
"SAAEYB0026","SA",20200914,-34.67026,135.3925,"2020-09-14T14:32:29",48
"SAAEYB0027","SA",20200915,-34.67995,135.3911,"2020-09-15T12:56:05",39
"SAAEYB0028","SA",20200915,-34.68854,135.3876,"2020-09-15T15:52:19",20
"SAAEYB0029","SA",20210302,-33.26579,136.9372,"2021-03-02T10:54:15",13
"SAAEYB0030","SA",20210303,-33.19092,136.8235,"2021-03-03T14:53:36",29
"SAAEYB0031","SA",20210302,-33.20811,136.9007,"2021-03-02T15:05:14",20
"SAAEYB0032","SA",20210304,-33.20235,136.8494,"2021-03-04T10:45:38",22
"SAAEYB0033","SA",20210304,-33.22335,136.9241,"2021-03-04T20:51:11",18
"SAAEYB0035","SA",20211124,-31.98308,132.2111,"2021-11-24T00:00:00",21
"SAAEYB0036","SA",20211125,-31.9942,132.3743,"2021-11-25T00:00:00",10
"SAAFLB0003","SA",20161025,-34.97365,138.647,"2016-10-25T12:56:20",36
"SAAFLB0003","SA",20181107,-34.97365,138.647,"2018-11-07T12:22:00",29
"SAAFLB0004","SA",20170817,-35.07035,138.5786,"2017-08-17T11:20:36",24
"SAAFLB0005","SA",20180912,-33.02677,138.1033,"2018-09-12T16:15:59",39
"SAAFLB0006","SA",20180913,-33.08574,138.1627,"2018-09-13T13:57:15",30
"SAAFLB0007","SA",20181010,-31.82369,138.2997,"2018-10-10T14:24:46",12
"SAAFLB0008","SA",20181010,-31.83779,138.3512,"2018-10-10T16:59:06",17
"SAAFLB0030","SA",20130813,-29.97848,138.0151,"2013-08-13T00:00:00",18
"SAAFLB0030","SA",20180802,-29.97848,138.0151,"2018-08-02T12:33:15",10
"SAAFLB0031","SA",20130813,-29.97157,137.9546,"2013-08-13T00:00:00",18
"SAAFLB0031","SA",20180802,-29.97157,137.9546,"2018-08-02T09:38:54",11
"SAAGAW0001","SA",20150218,-32.98325,137.1972,"2015-02-18T12:50:14",18
"SAAGAW0002","SA",20150218,-32.98012,137.2443,"2015-02-18T23:28:13",17
"SAAGAW0003","SA",20150217,-32.97155,137.2484,"2015-02-17T17:53:37",9
"SAAGAW0004","SA",20190521,-30.87169,135.4404,"2019-05-21T09:05:02",16
"SAAGAW0005","SA",20190521,-30.80325,135.3901,"2019-05-21T16:06:03",13
"SAAGAW0006","SA",20190522,-30.53363,135.5471,"2019-05-22T18:17:36",16
"SAAGAW0007","SA",20190522,-30.54737,135.5268,"2019-05-22T12:23:30",13
"SAAGAW0008","SA",20190523,-30.67968,135.5385,"2019-05-23T12:41:00",9
"SAAGVD0001","SA",20140903,-29.34534,130.4462,"2014-09-03T13:31:20",19
"SAAGVD0002","SA",20140903,-29.34649,130.4505,"2014-09-03T18:45:15",22
"SAAGVD0003","SA",20140904,-29.32169,130.4462,"2014-09-04T10:43:47",34
"SAAGVD0004","SA",20140910,-30.81475,132.1343,"2014-09-10T09:39:43",18
"SAAKAN0001","SA",20181019,-35.64864,137.368,"2018-10-19T12:12:36",28
"SAAKAN0001","SA",20201012,-35.64864,137.368,"2020-10-12T13:39:28",28
"SAAKAN0002","SA",20181020,-35.64327,137.2174,"2018-10-20T15:01:09",31
"SAAKAN0002","SA",20201011,-35.64327,137.2174,"2020-10-11T14:51:38",36
"SAAKAN0003","SA",20181021,-35.74408,137.334,"2018-10-21T14:07:04",39
"SAAKAN0003","SA",20201011,-35.74408,137.334,"2020-10-11T10:53:05",22
"SAAKAN0004","SA",20181022,-35.72315,136.9732,"2018-10-22T10:58:17",29
"SAAKAN0004","SA",20201008,-35.72315,136.9732,"2020-10-08T10:13:54",22
"SAAKAN0005","SA",20181023,-35.81062,136.8829,"2018-10-23T16:02:20",41
"SAAKAN0005","SA",20201008,-35.81062,136.8829,"2020-10-08T21:02:19",18
"SAAKAN0006","SA",20181024,-35.90062,136.8961,"2018-10-24T12:18:27",33
"SAAKAN0006","SA",20201010,-35.90062,136.8961,"2020-10-10T14:34:09",13
"SAAKAN0007","SA",20181025,-35.90898,136.5866,"2018-10-25T18:46:13",40
"SAAKAN0007","SA",20201007,-35.90898,136.5866,"2020-10-07T16:28:45",26
"SAAKAN0008","SA",20181026,-35.90438,137.5513,"2018-10-26T15:40:10",34
"SAAKAN0008","SA",20201013,-35.90438,137.5513,"2020-10-13T00:00:00",29
"SAAKAN0009","SA",20181027,-35.94303,137.3248,"2018-10-27T14:26:22",35
"SAAKAN0009","SA",20201013,-35.94303,137.3248,"2020-10-13T10:14:58",33
"SAAKAN0010","SA",20181028,-35.84202,137.907,"2018-10-28T11:10:41",24
"SAAKAN0010","SA",20201014,-35.84202,137.907,"2020-10-14T19:01:09",24
"SAAKAN0011","SA",20181029,-35.78337,138.0617,"2018-10-29T11:04:21",20
"SAAKAN0011","SA",20201015,-35.78337,138.0617,"2020-10-15T16:08:43",27
"SAAKAN0012","SA",20181030,-35.88435,137.9899,"2018-10-30T17:35:02",26
"SAAKAN0012","SA",20201015,-35.88435,137.9899,"2020-10-15T00:00:00",28
"SAAKAN0013","SA",20201009,-35.72361,136.821,"2020-10-09T16:17:46",17
"SAAMDD0007","SA",20110616,-34.36235,139.4997,"2011-06-16T00:00:00",12
"SAAMDD0007","SA",20200708,-34.36235,139.4997,"2020-07-08T11:38:29",6
"SAAMDD0008","SA",20110617,-34.34173,139.5077,"2011-06-17T00:00:00",9
"SAAMDD0008","SA",20200707,-34.34173,139.5077,"2020-07-07T16:01:42",12
"SAAMDD0009","SA",20110618,-34.3579,139.4859,"2011-06-18T00:00:00",14
"SAAMDD0009","SA",20200708,-34.3579,139.4859,"2020-07-08T17:26:26",20
"SAAMDD0010","SA",20110620,-34.32057,139.5024,"2011-06-20T00:00:00",12
"SAAMDD0010","SA",20200709,-34.32057,139.5024,"2020-07-09T09:23:33",13
"SAAMDD0011","SA",20110621,-34.31998,139.53,"2011-06-21T00:00:00",22
"SAAMDD0011","SA",20200709,-34.31998,139.53,"2020-07-09T14:58:06",23
"SAANUL0001","SA",20140909,-30.96576,132.0876,"2014-09-09T12:00:00",13
"SAANUL0002","SA",20140911,-31.39337,131.2774,"2014-09-11T10:51:33",24
"SAANUL0003","SA",20140911,-31.48237,131.2668,"2014-09-11T15:27:38",13
"SAANUL0004","SA",20140912,-31.51118,131.3066,"2014-09-12T09:49:05",17
"SAANUL0005","SA",20211123,-31.82004,132.288,"2021-11-23T00:00:00",8
"SAARIV0001","SA",20150812,-34.0843,140.7576,"2015-08-12T15:46:23",15
"SAARIV0001","SA",20160202,-34.0843,140.7576,"2016-02-02T00:00:00",14
"SAARIV0001","SA",20211026,-34.0843,140.7576,"2021-10-26T09:30:00",19
"SAARIV0002","SA",20150813,-34.08334,140.7585,"2015-08-13T12:44:28",17
"SAARIV0002","SA",20160201,-34.08334,140.7585,"2016-02-01T00:00:00",10
"SAARIV0003","SA",20150813,-34.08389,140.7602,"2015-08-13T13:41:53",10
"SAARIV0003","SA",20160201,-34.08389,140.7602,"2016-02-01T12:37:00",10
"SAARIV0004","SA",20150814,-34.26157,140.3869,"2015-08-14T13:01:45",12
"SAARIV0004","SA",20160201,-34.26157,140.3869,"2016-02-01T00:00:00",14
"SAARIV0004","SA",20211027,-34.26157,140.3869,"2021-10-27T00:00:00",19
"SAARIV0005","SA",20150814,-34.26347,140.3877,"2015-08-14T13:31:15",10
"SAARIV0005","SA",20160203,-34.26347,140.3877,"2016-02-03T14:38:00",10
"SAARIV0006","SA",20150814,-34.26363,140.3899,"2015-08-14T00:00:00",12
"SAARIV0006","SA",20160201,-34.26363,140.3899,"2016-02-01T00:00:00",13
"SAARIV0006","SA",20211027,-34.26363,140.3899,"2021-10-27T15:53:00",22
"SAARIV0007","SA",20150814,-34.15945,139.9268,"2015-08-14T00:00:00",6
"SAARIV0007","SA",20160204,-34.15945,139.9268,"2016-02-04T00:00:00",5
"SAARIV0008","SA",20150814,-34.15915,139.9254,"2015-08-14T00:00:00",12
"SAARIV0008","SA",20160202,-34.15915,139.9254,"2016-02-02T00:00:00",7
"SAARIV0009","SA",20150814,-34.15838,139.9279,"2015-08-14T00:00:00",13
"SAARIV0009","SA",20160203,-34.15838,139.9279,"2016-02-03T00:00:00",11
"SAARIV0010","SA",20211006,-34.35835,140.5702,"2021-10-06T14:01:18",14
"SAASTP0001","SA",20120627,-26.27817,134.9992,"2012-06-27T00:00:00",23
"SAASTP0002","SA",20120628,-26.27461,135.0156,"2012-06-28T00:00:00",23
"SAASTP0003","SA",20120629,-26.2739,135.073,"2012-06-29T00:00:00",22
"SAASTP0004","SA",20120701,-26.08814,135.4522,"2012-07-01T00:00:00",20
"SAASTP0005","SA",20120702,-26.09591,135.4235,"2012-07-02T00:00:00",25
"SAASTP0006","SA",20120808,-26.34025,135.8738,"2012-08-08T00:00:00",8
"SAASTP0007","SA",20120809,-26.35504,135.8166,"2012-08-09T00:00:00",23
"SAASTP0008","SA",20120810,-26.36888,135.7888,"2012-08-10T00:00:00",10
"SAASTP0009","SA",20120811,-26.35025,135.7046,"2012-08-11T00:00:00",19
"SAASTP0010","SA",20120812,-26.36668,135.5817,"2012-08-12T00:00:00",8
"SAASTP0011","SA",20120813,-26.4805,135.4576,"2012-08-13T00:00:00",6
"SAASTP0012","SA",20120814,-26.62279,135.4337,"2012-08-14T00:00:00",10
"SAASTP0013","SA",20120815,-26.5741,135.3074,"2012-08-15T00:00:00",13
"SAASTP0014","SA",20120913,-27.86115,136.6494,"2012-09-13T00:00:00",3
"SAASTP0015","SA",20120912,-27.86567,136.6783,"2012-09-12T00:00:00",18
"SAASTP0016","SA",20120914,-27.83496,136.6299,"2012-09-14T00:00:00",28
"SAASTP0017","SA",20120915,-27.83978,136.6397,"2012-09-15T00:00:00",24
"SAASTP0018","SA",20120916,-28.43343,136.4284,"2012-09-16T00:00:00",29
"SAASTP0019","SA",20120917,-28.41966,136.4812,"2012-09-17T00:00:00",29
"SAASTP0020","SA",20120918,-28.43764,136.4588,"2012-09-18T00:00:00",28
"SAASTP0021","SA",20120918,-28.40247,136.5329,"2012-09-18T00:00:00",23
"SAASTP0022","SA",20121017,-28.20561,134.536,"2012-10-17T00:00:00",20
"SAASTP0023","SA",20121018,-28.20895,134.5849,"2012-10-18T00:00:00",23
"SAASTP0024","SA",20121019,-27.9941,134.9739,"2012-10-19T00:00:00",7
"SAASTP0025","SA",20121019,-27.95972,134.9713,"2012-10-19T00:00:00",10
"SAASTP0026","SA",20121020,-27.78888,134.8922,"2012-10-20T00:00:00",10
"SAASTP0027","SA",20121021,-27.73725,134.8438,"2012-10-21T00:00:00",7
"SAASTP0028","SA",20121021,-27.71056,134.8446,"2012-10-21T00:00:00",6
"SAASTP0029","SA",20121023,-28.08708,135.8615,"2012-10-23T00:00:00",17
"SAASTP0030","SA",20130819,-29.2902,139.1799,"2013-08-19T00:00:00",22
"SAASTP0031","SA",20130820,-29.27698,139.1756,"2013-08-20T00:00:00",23
"SAASTP0032","SA",20130820,-29.28949,139.1825,"2013-08-20T00:00:00",22
"SAASTP0033","SA",20190523,-30.36058,135.3898,"2019-05-23T14:35:08",6
"SAASTP0034","SA",20190524,-30.3634,135.5281,"2019-05-24T09:43:00",10
"SASMDD0001","SA",20120921,-34.00266,140.5864,"2012-09-21T00:00:00",14
"SASMDD0001","SA",20190502,-34.00266,140.5864,"2019-05-02T11:56:18",7
"SASMDD0002","SA",20120923,-34.0117,140.5927,"2012-09-23T00:00:00",20
"SASMDD0003","SA",20150501,-33.99453,140.5856,"2015-05-01T10:24:34",14
"SASMDD0004","SA",20130122,-33.99676,140.7346,"2013-01-22T00:00:00",7
"SASMDD0004","SA",20150423,-33.99676,140.7346,"2015-04-23T15:32:10",8
"SASMDD0005","SA",20120924,-33.97431,140.7258,"2012-09-24T00:00:00",17
"SASMDD0005","SA",20150429,-33.97431,140.7258,"2015-04-29T09:20:44",15
"SASMDD0006","SA",20120925,-33.97274,140.7273,"2012-09-25T00:00:00",21
"SASMDD0006","SA",20150429,-33.97274,140.7273,"2015-04-29T17:10:59",21
"SASMDD0006","SA",20190501,-33.97274,140.7273,"2019-05-01T11:26:50",22
"SASMDD0008","SA",20150426,-34.04415,140.7603,"2015-04-26T08:29:02",5
"SASMDD0008","SA",20190430,-34.04415,140.7603,"2019-04-30T10:39:02",8
"SASMDD0009","SA",20150430,-34.06028,140.6946,"2015-04-30T14:48:41",19
"SASMDD0011","SA",20121216,-34.01889,140.7095,"2012-12-16T00:00:00",6
"SASMDD0011","SA",20150424,-34.01889,140.7095,"2015-04-24T09:48:33",13
"SASMDD0012","SA",20131119,-34.05914,140.7543,"2013-11-19T00:00:00",10
"SASMDD0013","SA",20131118,-34.0567,140.7349,"2013-11-18T00:00:00",10
"SASMDD0014","SA",20131120,-34.03776,140.7054,"2013-11-20T00:00:00",11
"SASMDD0016","SA",20150425,-33.9569,140.7185,"2015-04-25T13:50:44",14
"SASMDD0017","SA",20141030,-33.95559,140.718,"2014-10-30T16:15:00",13
"SASMDD0017","SA",20150424,-33.95559,140.718,"2015-04-24T15:07:21",10
"SASMDD0018","SA",20150502,-34.00307,140.5761,"2015-05-02T15:44:49",19
"SASRIV0001","SA",20150428,-34.03783,140.756,"2015-04-28T08:40:01",4
"SASRIV0001","SA",20190430,-34.03783,140.756,"2019-04-30T15:59:56",3
"SASRIV0002","SA",20150428,-34.04283,140.7806,"2015-04-28T14:20:24",6
"SATEYB0001","SA",20141028,-34.50431,138.7032,"2014-10-28T11:10:40",24
"SATEYB0001","SA",20180925,-34.50431,138.7032,"2018-09-25T10:18:18",33
"SATEYB0002","SA",20141030,-33.48903,138.0801,"2014-10-30T12:01:14",29
"SATEYB0002","SA",20180912,-33.48903,138.0801,"2018-09-12T12:41:37",24
"SATFLB0001","SA",20120813,-34.60901,138.8613,"2012-08-13T00:00:00",17
"SATFLB0001","SA",20180924,-34.60901,138.8613,"2018-09-24T10:39:17",35
"SATFLB0002","SA",20120814,-34.6831,138.9086,"2012-08-14T00:00:00",27
"SATFLB0002","SA",20180925,-34.6831,138.9086,"2018-09-25T16:47:00",47
"SATFLB0003","SA",20120815,-34.57693,139.0061,"2012-08-15T00:00:00",15
"SATFLB0003","SA",20180924,-34.57693,139.0061,"2018-09-24T15:45:27",40
"SATFLB0004","SA",20120918,-31.32774,138.5673,"2012-09-18T00:00:00",17
"SATFLB0004","SA",20180828,-31.32774,138.5673,"2018-08-28T09:20:29",26
"SATFLB0005","SA",20120820,-31.31546,138.5664,"2012-08-20T00:00:00",14
"SATFLB0005","SA",20180828,-31.31546,138.5664,"2018-08-28T20:09:23",23
"SATFLB0006","SA",20120821,-30.77565,138.7976,"2012-08-21T00:00:00",16
"SATFLB0006","SA",20180812,-30.77565,138.7976,"2018-08-12T12:08:06",13
"SATFLB0007","SA",20120922,-31.54388,138.5946,"2012-09-22T00:00:00",12
"SATFLB0007","SA",20180829,-31.54388,138.5946,"2018-08-29T17:09:24",21
"SATFLB0008","SA",20120823,-32.32096,137.9544,"2012-08-23T00:00:00",15
"SATFLB0008","SA",20180831,-32.32096,137.9544,"2018-08-31T09:29:32",35
"SATFLB0009","SA",20120824,-32.31052,137.9683,"2012-08-24T00:00:00",17
"SATFLB0009","SA",20180901,-32.31052,137.9683,"2018-09-01T17:22:33",32
"SATFLB0010","SA",20120825,-32.82851,138.0327,"2012-08-25T00:00:00",22
"SATFLB0010","SA",20180911,-32.82851,138.0327,"2018-09-11T20:23:47",27
"SATFLB0011","SA",20120826,-32.74842,138.1363,"2012-08-26T00:00:00",16
"SATFLB0011","SA",20180910,-32.74842,138.1363,"2018-09-10T15:50:23",35
"SATFLB0012","SA",20121116,-34.88077,138.7083,"2012-11-16T00:00:00",21
"SATFLB0012","SA",20180926,-34.88077,138.7083,"2018-09-26T11:27:48",38
"SATFLB0013","SA",20121119,-33.9142,138.6038,"2012-11-19T00:00:00",18
"SATFLB0013","SA",20180915,-33.9142,138.6038,"2018-09-15T12:46:51",31
"SATFLB0014","SA",20121120,-34.00514,138.9594,"2012-11-20T00:00:00",32
"SATFLB0014","SA",20180915,-34.00514,138.9594,"2018-09-15T15:59:00",34
"SATFLB0015","SA",20121122,-34.93343,138.727,"2012-11-22T00:00:00",28
"SATFLB0015","SA",20181004,-34.93343,138.727,"2018-10-04T14:30:08",58
"SATFLB0016","SA",20130806,-30.34347,139.3397,"2013-08-06T00:00:00",17
"SATFLB0016","SA",20180808,-30.34347,139.3397,"2018-08-08T17:36:00",11
"SATFLB0017","SA",20130807,-30.33181,139.3737,"2013-08-07T00:00:00",13
"SATFLB0017","SA",20180806,-30.33181,139.3737,"2018-08-06T16:08:46",9
"SATFLB0018","SA",20130808,-30.21904,139.3241,"2013-08-08T00:00:00",18
"SATFLB0018","SA",20180808,-30.21904,139.3241,"2018-08-08T11:10:00",12
"SATFLB0019","SA",20130809,-30.21953,139.2329,"2013-08-09T00:00:00",21
"SATFLB0019","SA",20180807,-30.21953,139.2329,"2018-08-07T10:00:34",12
"SATFLB0020","SA",20130810,-30.25568,139.2272,"2013-08-10T00:00:00",19
"SATFLB0020","SA",20180807,-30.25568,139.2272,"2018-08-07T12:00:00",21
"SATFLB0021","SA",20130814,-30.41211,139.2199,"2013-08-14T00:00:00",17
"SATFLB0021","SA",20180809,-30.41211,139.2199,"2018-08-09T14:07:33",4
"SATFLB0022","SA",20130814,-30.40601,139.2261,"2013-08-14T00:00:00",25
"SATFLB0022","SA",20180809,-30.40601,139.2261,"2018-08-09T10:56:00",14
"SATFLB0023","SA",20130815,-30.59944,139.0736,"2013-08-15T00:00:00",15
"SATFLB0023","SA",20180811,-30.59944,139.0736,"2018-08-11T10:32:00",9
"SATFLB0024","SA",20130816,-30.76086,138.5796,"2013-08-16T00:00:00",20
"SATFLB0024","SA",20180811,-30.76086,138.5796,"2018-08-11T16:23:11",12
"SATFLB0025","SA",20130817,-30.78501,138.6329,"2013-08-17T00:00:00",16
"SATFLB0025","SA",20180813,-30.78501,138.6329,"2018-08-13T10:35:11",12
"SATFLB0026","SA",20141029,-34.88776,138.787,"2014-10-29T14:47:52",33
"SATFLB0026","SA",20181109,-34.88776,138.787,"2018-11-09T14:54:24",45
"SATFLB0027","SA",20141105,-35.08308,138.679,"2014-11-05T12:10:50",32
"SATFLB0027","SA",20181102,-35.08308,138.679,"2018-11-02T10:14:38",42
"SATFLB0028","SA",20141106,-33.55308,138.3933,"2014-11-06T00:00:00",41
"SATFLB0028","SA",20180914,-33.55308,138.3933,"2018-09-14T11:16:56",49
"SATKAN0001","SA",20120821,-35.60827,138.2613,"2012-08-21T00:00:00",25
"SATKAN0001","SA",20181120,-35.60827,138.2613,"2018-11-20T11:40:42",31
"SATKAN0002","SA",20120822,-35.27211,138.6902,"2012-08-22T00:00:00",25
"SATKAN0002","SA",20181128,-35.27211,138.6902,"2018-11-28T11:11:50",38
"SATKAN0003","SA",20141103,-35.46094,138.604,"2014-11-03T12:19:52",26
"SATKAN0003","SA",20181113,-35.46094,138.604,"2018-11-13T13:09:00",45
"SATKAN0004","SA",20141105,-34.92717,139.0381,"2014-11-05T00:00:00",46
"SATKAN0004","SA",20181002,-34.92717,139.0381,"2018-10-02T10:32:46",59
"SATSTP0001","SA",20130810,-30.56166,139.4363,"2013-08-10T00:00:00",12
"SATSTP0001","SA",20180810,-30.56166,139.4363,"2018-08-10T09:13:06",8
"SATSTP0002","SA",20130812,-30.65633,139.5474,"2013-08-12T00:00:00",19
"SATSTP0002","SA",20180810,-30.65633,139.5474,"2018-08-10T12:21:00",16
"SATSTP0003","SA",20130815,-29.75528,138.8492,"2013-08-15T00:00:00",22
"SATSTP0003","SA",20180804,-29.75528,138.8492,"2018-08-04T08:54:04",11
"SATSTP0004","SA",20130815,-29.79147,138.8319,"2013-08-15T12:00:00",23
"SATSTP0004","SA",20180803,-29.79147,138.8319,"2018-08-03T15:17:29",16
"SATSTP0005","SA",20130817,-29.4566,138.8488,"2013-08-17T00:00:00",27
"SATSTP0005","SA",20180805,-29.4566,138.8488,"2018-08-05T13:20:00",13
"SATSTP0006","SA",20130817,-29.5305,138.8167,"2013-08-17T00:00:00",17
"SATSTP0006","SA",20180804,-29.5305,138.8167,"2018-08-04T17:28:26",9
"SATSTP0007","SA",20130818,-29.536,138.8171,"2013-08-18T00:00:00",8
"SATSTP0007","SA",20180804,-29.536,138.8171,"2018-08-04T15:19:59",5
"SATSTP0008","SA",20130818,-29.38786,138.8814,"2013-08-18T00:00:00",20
"SATSTP0008","SA",20180805,-29.38786,138.8814,"2018-08-05T13:56:55",6
"TCABEL0001","TC",20200130,-41.54714,147.6685,"2020-01-30T14:41:43",29
"TCABEL0002","TC",20200131,-41.54086,147.664,"2020-01-31T10:49:45",28
"TCABEL0003","TC",20200131,-41.53414,147.6698,"2020-01-31T16:53:00",29
"TCATCH0001","TC",20200202,-41.76148,146.7196,"2020-02-02T17:35:13",44
"TCATCH0002","TC",20200204,-41.92487,146.6828,"2020-02-04T08:29:24",27
"TCATCH0003","TC",20200204,-41.96204,146.6776,"2020-02-04T17:57:33",22
"TCATCH0004","TC",20200205,-41.98839,146.8357,"2020-02-05T14:08:00",20
"TCATCH0005","TC",20200206,-41.97681,146.664,"2020-02-06T11:23:28",20
"TCATCH0006","TC",20200206,-41.9658,146.652,"2020-02-06T15:29:07",24
"TCATCH0007","TC",20200207,-41.8833,146.4576,"2020-02-07T15:05:38",27
"TCATCH0008","TC",20200208,-41.85705,146.5876,"2020-02-08T09:24:02",29
"TCATCH0009","TC",20200208,-41.88592,146.6151,"2020-02-08T17:16:07",19
"TCATCH0010","TC",20200209,-41.79148,146.6825,"2020-02-09T08:57:47",20
"TCATCH0011","TC",20200210,-41.85208,146.6894,"2020-02-10T10:35:22",16
"TCATCH0012","TC",20200211,-42.09256,147.0857,"2020-02-11T14:30:56",27
"TCATNM0001","TC",20191121,-41.77416,147.3155,"2019-11-21T10:04:22",23
"TCATNM0002","TC",20191122,-42.05208,147.4168,"2019-11-22T16:35:17",41
"TCATNM0003","TC",20191123,-42.0368,147.433,"2019-11-23T09:29:00",23
"TCATNM0004","TC",20191124,-41.84563,147.4839,"2019-11-24T09:20:44",20
"TCATNM0005","TC",20191125,-41.7969,147.608,"2019-11-25T09:40:04",29
"TCATNM0006","TC",20191126,-42.05241,147.5493,"2019-11-26T10:38:05",37
"VCAAUA0001","VC",20180122,-36.90897,147.2877,"2018-01-22T12:14:47",27
"VCAAUA0002","VC",20180123,-36.91451,147.281,"2018-01-23T11:15:58",33
"VCAAUA0003","VC",20180124,-36.86217,147.3201,"2018-01-24T08:35:02",19
"VCAAUA0004","VC",20180124,-36.90776,147.2901,"2018-01-24T12:35:00",34
"VCAAUA0005","VC",20180125,-36.89268,147.2987,"2018-01-25T11:00:00",28
"VCAAUA0006","VC",20180126,-36.91622,147.2128,"2018-01-26T11:41:02",45
"VCAAUA0007","VC",20180127,-36.90786,147.2556,"2018-01-27T10:44:41",26
"VCAAUA0008","VC",20180127,-36.90306,147.2523,"2018-01-27T15:26:53",29
"VCAAUA0009","VC",20180128,-36.89401,147.3025,"2018-01-28T16:23:22",31
"VCAAUA0010","VC",20180129,-36.85673,147.3535,"2018-01-29T11:25:00",22
"VCAAUA0011","VC",20180130,-37.11072,147.1643,"2018-01-30T18:13:26",38
"VCAAUA0012","VC",20180131,-37.10012,147.1556,"2018-01-31T09:44:00",34
"VCAAUA0013","VC",20180202,-37.40826,146.7511,"2018-02-02T09:20:20",49
"VCAAUA0014","VC",20180202,-37.40208,146.7551,"2018-02-02T13:43:52",34
"VCAAUA0015","VC",20180203,-37.38885,146.7646,"2018-02-03T10:10:00",53
"VCAMDD0001","VC",20150120,-34.98099,141.6105,"2015-01-20T08:36:00",3
"VCAMDD0002","VC",20150120,-34.98229,141.6515,"2015-01-20T18:29:41",12
"VCAMDD0003","VC",20150121,-34.99829,141.7284,"2015-01-21T09:44:01",12
"WAAAVW0001","WA",20161004,-31.90224,118.9436,"2016-10-04T15:17:20",29
"WAAAVW0002","WA",20161005,-31.84583,118.9051,"2016-10-05T12:09:59",31
"WAAAVW0003","WA",20161006,-32.4804,116.9389,"2016-10-06T17:37:53",24
"WAAAVW0004","WA",20161006,-32.47971,116.9356,"2016-10-06T17:18:03",30
"WAAAVW0005","WA",20190827,-29.61681,116.9662,"2019-08-27T15:30:33",22
"WAAAVW0006","WA",20190828,-29.60355,116.9675,"2019-08-28T10:53:00",42
"WAAAVW0007","WA",20190828,-29.67205,116.9664,"2019-08-28T15:01:27",13
"WAACAR0001","WA",20190726,-26.40814,114.3667,"2019-07-26T13:15:52",22
"WAACAR0002","WA",20190726,-26.48102,114.2778,"2019-07-26T15:43:59",18
"WAACAR0003","WA",20190727,-26.51508,114.0984,"2019-07-27T12:19:28",37
"WAACAR0004","WA",20190727,-26.36806,114.2202,"2019-07-27T16:40:12",12
"WAACEK0001","WA",20160609,-16.46152,126.3979,"2016-06-09T16:12:52",16
"WAACEK0001","WA",20210531,-16.46152,126.3979,"2021-05-31T00:00:00",35
"WAACEK0002","WA",20160610,-17.05257,125.2424,"2016-06-10T12:44:24",19
"WAACEK0002","WA",20210601,-17.05257,125.2424,"2021-06-01T00:00:00",13
"WAACEK0003","WA",20160611,-17.23797,125.2956,"2016-06-11T09:19:24",25
"WAACEK0003","WA",20210603,-17.23797,125.2956,"2021-06-03T00:00:00",27
"WAACOO0001","WA",20130702,-31.39961,119.5189,"2013-07-02T14:18:00",26
"WAACOO0002","WA",20131006,-31.40167,119.6514,"2013-10-06T09:41:00",1
"WAACOO0003","WA",20130710,-31.39997,119.6479,"2013-07-10T09:51:00",42
"WAACOO0004","WA",20130820,-31.39886,119.6466,"2013-08-20T00:00:00",32
"WAACOO0005","WA",20130823,-31.60288,119.8096,"2013-08-23T10:01:00",27
"WAACOO0006","WA",20130723,-31.59638,119.8241,"2013-07-23T12:00:00",20
"WAACOO0007","WA",20130823,-31.60672,119.8075,"2013-08-23T10:40:00",18
"WAACOO0008","WA",20130903,-31.60951,119.7923,"2013-09-03T10:45:00",19
"WAACOO0009","WA",20131003,-31.23911,120.3261,"2013-10-03T00:00:00",26
"WAACOO0010","WA",20131015,-31.23181,120.3298,"2013-10-15T00:00:00",35
"WAACOO0011","WA",20131004,-31.25284,120.3419,"2013-10-04T16:01:00",12
"WAACOO0012","WA",20140305,-31.23736,120.3323,"2014-03-05T16:02:00",31
"WAACOO0016","WA",20140106,-31.20322,120.3082,"2014-01-06T16:03:00",51
"WAACOO0017","WA",20140217,-31.16964,120.3049,"2014-02-17T00:00:00",40
"WAACOO0018","WA",20140220,-31.19562,120.3179,"2014-02-20T16:05:00",42
"WAACOO0019","WA",20140303,-31.20711,120.2651,"2014-03-03T00:00:00",41
"WAACOO0020","WA",20131030,-30.192,120.6551,"2013-10-30T00:00:00",15
"WAACOO0021","WA",20131101,-30.19233,120.6506,"2013-11-01T12:00:00",14
"WAACOO0022","WA",20131101,-30.19531,120.6327,"2013-11-01T16:06:00",9
"WAACOO0023","WA",20131115,-30.19279,120.6415,"2013-11-15T16:07:00",15
"WAACOO0024","WA",20131126,-30.18542,120.6441,"2013-11-26T16:09:00",9
"WAACOO0025","WA",20131129,-30.19512,120.5988,"2013-11-29T16:10:00",34
"WAACOO0026","WA",20140104,-30.53039,120.6657,"2014-01-04T00:00:00",24
"WAACOO0027","WA",20140121,-30.50149,120.66,"2014-01-21T00:00:00",27
"WAACOO0028","WA",20140109,-30.48758,120.6581,"2014-01-09T00:00:00",37
"WAACOO0029","WA",20140111,-30.4329,120.6267,"2014-01-11T16:13:00",28
"WAACOO0030","WA",20140627,-32.01217,126.2634,"2014-06-27T11:39:51",18
"WAACOO0031","WA",20161003,-30.68532,120.2574,"2016-10-03T11:41:07",30
"WAACOO0032","WA",20161003,-30.78853,120.3149,"2016-10-03T16:36:50",27
"WAADAL0001","WA",20160612,-17.41527,124.9455,"2016-06-12T10:06:24",25
"WAADAL0001","WA",20210604,-17.41527,124.9455,"2021-06-04T00:00:00",29
"WAADAL0002","WA",20190704,-17.89306,122.65,"2019-07-04T13:42:08",11
"WAADAL0003","WA",20190704,-17.88259,122.629,"2019-07-04T17:31:24",7
"WAADAL0004","WA",20190705,-17.89153,122.6559,"2019-07-05T15:48:43",23
"WAADAL0005","WA",20190706,-17.48489,123.0315,"2019-07-06T12:55:05",20
"WAAESP0001","WA",20161012,-34.4769,117.7543,"2016-10-12T18:02:33",41
"WAAGAS0001","WA",20160808,-23.40913,120.5597,"2016-08-08T11:18:01",8
"WAAGAS0002","WA",20160808,-23.3847,120.4791,"2016-08-08T15:32:20",22
"WAAGES0001","WA",20160830,-27.52382,114.529,"2016-08-30T11:35:46",38
"WAAGES0001","WA",20190801,-27.52382,114.529,"2019-08-01T15:49:59",33
"WAAGES0002","WA",20160830,-27.50954,114.6083,"2016-08-30T19:14:08",27
"WAAGES0002","WA",20190802,-27.50954,114.6083,"2019-08-02T16:26:45",26
"WAAGES0003","WA",20160831,-27.60539,114.6922,"2016-08-31T17:28:17",41
"WAAGES0003","WA",20190801,-27.60539,114.6922,"2019-08-01T10:37:08",31
"WAAGES0004","WA",20190802,-27.49707,114.7182,"2019-08-02T17:04:00",26
"WAAGES0005","WA",20190803,-27.52968,114.6749,"2019-08-03T10:50:07",34
"WAAGSD0001","WA",20160614,-19.81246,121.4742,"2016-06-14T09:52:07",6
"WAAGSD0001","WA",20210606,-19.81246,121.4742,"2021-06-06T00:00:00",10
"WAAGSD0002","WA",20210605,-19.76637,121.3762,"2021-06-05T00:00:00",9
"WAAGSD0003","WA",20210606,-19.79706,121.4586,"2021-06-06T00:00:00",15
"WAAGSD0004","WA",20210607,-19.77521,121.425,"2021-06-07T00:00:00",10
"WAAGVD0001","WA",20140630,-29.66926,125.1303,"2014-06-30T18:09:50",22
"WAAGVD0007","WA",20220502,-30.41388,124.3925,"2022-05-02T08:16:14",12
"WAAGVD0008","WA",20220502,-30.30217,124.3926,"2022-05-02T09:07:46",12
"WAAGVD0009","WA",20220503,-30.26427,124.4054,"2022-05-03T12:00:00",21
"WAAGVD0010","WA",20220504,-29.94917,124.604,"2022-05-04T16:27:09",28
"WAAGVD0011","WA",20220504,-29.95285,124.6057,"2022-05-04T16:40:25",24
"WAAGVD0012","WA",20220505,-29.92833,124.6116,"2022-05-05T16:47:36",25
"WAAGVD0014","WA",20220506,-29.8478,124.7126,"2022-05-06T12:00:00",16
"WAAGVD0015","WA",20220506,-29.88554,124.6893,"2022-05-06T13:21:26",21
"WAAGVD0016","WA",20220507,-29.8995,124.7022,"2022-05-07T15:05:07",22
"WAAGVD0017","WA",20220507,-29.91168,124.6726,"2022-05-07T12:00:00",16
"WAAHAM0001","WA",20140624,-31.98483,128.2852,"2014-06-24T10:01:05",17
"WAAHAM0002","WA",20140624,-31.88826,128.2373,"2014-06-24T17:13:07",14
"WAAHAM0003","WA",20140625,-31.7691,128.2881,"2014-06-25T11:37:05",13
"WAAHAM0004","WA",20140625,-31.95245,127.2743,"2014-06-25T18:14:12",20
"WAAHAM0005","WA",20140626,-32.22587,127.4403,"2014-06-26T12:32:48",21
"WAAHAM0006","WA",20140628,-32.21914,126.3019,"2014-06-28T17:00:42",11
"WAAJAF0001","WA",20161010,-34.61917,117.1554,"2016-10-10T14:58:38",51
"WAAJAF0002","WA",20161011,-34.59954,117.2661,"2016-10-11T12:47:01",48
"WAAJAF0003","WA",20161012,-34.40363,117.6876,"2016-10-12T12:51:03",60
"WAALSD0001","WA",20140515,-25.09664,120.724,"2014-05-15T09:00:00",24
"WAALSD0001","WA",20210629,-25.09664,120.724,"2021-06-29T00:00:00",20
"WAALSD0002","WA",20140518,-25.0572,120.7392,"2014-05-18T09:00:00",15
"WAALSD0003","WA",20140521,-25.26887,120.6275,"2014-05-21T09:00:00",22
"WAALSD0003","WA",20210630,-25.26887,120.6275,"2021-06-30T00:00:00",8
"WAALSD0004","WA",20210629,-25.26473,120.6413,"2021-06-29T00:00:00",13
"WAAMAL0001","WA",20140627,-32.06314,126.2793,"2014-06-27T18:17:34",13
"WAAMAL0002","WA",20161007,-32.81472,119.1428,"2016-10-07T18:36:14",33
"WAAMAL0003","WA",20161008,-32.87459,119.158,"2016-10-08T14:46:19",39
"WAAMUR0001","WA",20161001,-28.06511,121.0137,"2016-10-01T10:00:19",11
"WAAMUR0001","WA",20210626,-28.06511,121.0137,"2021-06-26T00:00:00",10
"WAAMUR0002","WA",20161001,-28.14313,120.9661,"2016-10-01T15:17:55",20
"WAAMUR0002","WA",20210627,-28.14313,120.9661,"2021-06-27T00:00:00",12
"WAAMUR0003","WA",20190821,-26.8732,116.6356,"2019-08-21T15:21:18",29
"WAAMUR0004","WA",20190822,-26.49179,116.5814,"2019-08-22T11:45:08",22
"WAAMUR0005","WA",20190822,-26.56864,116.6086,"2019-08-22T17:40:29",25
"WAAMUR0006","WA",20190823,-26.69494,116.7166,"2019-08-23T10:10:48",16
"WAAMUR0007","WA",20190823,-26.79934,116.6484,"2019-08-23T14:23:26",34
"WAAMUR0008","WA",20190824,-26.74568,116.8295,"2019-08-24T10:49:47",31
"WAAMUR0028","WA",20140817,-27.38916,120.6986,"2014-08-17T16:15:00",15
"WAAMUR0028","WA",20210703,-27.38916,120.6986,"2021-07-03T00:00:00",8
"WAAMUR0029","WA",20140819,-27.39937,120.6822,"2014-08-19T12:00:00",14
"WAAMUR0029","WA",20210702,-27.39937,120.6822,"2021-07-02T12:00:00",9
"WAAMUR0030","WA",20140327,-27.38277,120.6912,"2014-03-27T16:17:00",16
"WAAMUR0030","WA",20210703,-27.38277,120.6912,"2021-07-03T00:00:00",12
"WAAMUR0031","WA",20140328,-27.43862,120.6555,"2014-03-28T16:18:00",14
"WAAMUR0031","WA",20210702,-27.43862,120.6555,"2021-07-02T00:00:00",9
"WAANOK0001","WA",20190627,-15.22435,126.2147,"2019-06-27T14:44:44",20
"WAANOK0002","WA",20190628,-15.22954,126.2081,"2019-06-28T11:25:32",23
"WAANOK0003","WA",20190628,-14.84706,126.2794,"2019-06-28T17:35:17",22
"WAANOK0004","WA",20190629,-14.78326,126.4931,"2019-06-29T14:30:36",22
"WAANOK0005","WA",20190629,-14.79685,126.5405,"2019-06-29T18:36:11",29
"WAANOK0006","WA",20190630,-14.84238,126.2824,"2019-06-30T16:51:35",28
"WAANOK0007","WA",20190701,-14.57553,126.5619,"2019-07-01T17:17:34",19
"WAANOK0008","WA",20190701,-14.78233,126.4904,"2019-07-01T11:31:00",23
"WAANUL0001","WA",20140629,-31.73407,125.8699,"2014-06-29T12:25:36",16
"WAANUL0002","WA",20140629,-31.69907,125.8611,"2014-06-29T18:12:55",17
"WAANUL0003","WA",20140701,-29.71878,125.3158,"2014-07-01T15:18:42",26
"WAANUL0004","WA",20140702,-29.47344,127.0719,"2014-07-02T13:44:49",21
"WAANUL0005","WA",20140905,-30.01226,127.6902,"2014-09-05T18:56:14",17
"WAANUL0006","WA",20140906,-30.02557,127.7309,"2014-09-06T12:04:05",10
"WAANUL0007","WA",20140907,-30.03548,127.7895,"2014-09-07T15:24:00",13
"WAANUL0008","WA",20140907,-30.07226,127.9165,"2014-09-07T10:37:26",6
"WAANUL0009","WA",20140908,-29.65611,127.0686,"2014-09-08T13:11:31",13
"WAAPIL0001","WA",20150428,-22.60082,118.2815,"2015-04-28T00:00:00",54
"WAAPIL0001","WA",20210704,-22.60082,118.2815,"2021-07-04T00:00:00",40
"WAAPIL0002","WA",20150430,-21.59122,117.0664,"2015-04-30T18:18:48",8
"WAAPIL0003","WA",20150830,-21.5411,117.057,"2015-08-30T11:01:10",9
"WAAPIL0004","WA",20150830,-21.39493,117.1698,"2015-08-30T16:52:34",24
"WAAPIL0004","WA",20210624,-21.39493,117.1698,"2021-06-24T00:00:00",20
"WAAPIL0005","WA",20150831,-21.57124,117.0563,"2015-08-31T10:26:48",21
"WAAPIL0006","WA",20150901,-21.56424,117.0591,"2015-09-01T09:49:59",4
"WAAPIL0007","WA",20150901,-21.67714,116.974,"2015-09-01T14:39:13",13
"WAAPIL0008","WA",20150902,-21.66288,117.7047,"2015-09-02T13:49:40",26
"WAAPIL0009","WA",20150902,-21.8728,117.8244,"2015-09-02T18:18:59",28
"WAAPIL0010","WA",20150903,-21.85703,117.9793,"2015-09-03T16:59:46",13
"WAAPIL0011","WA",20150904,-21.89193,117.9993,"2015-09-04T12:09:06",19
"WAAPIL0012","WA",20150905,-22.62086,118.3143,"2015-09-05T10:12:41",21
"WAAPIL0012","WA",20210702,-22.62086,118.3143,"2021-07-02T12:00:00",20
"WAAPIL0013","WA",20150905,-22.61086,118.2939,"2015-09-05T15:24:10",16
"WAAPIL0013","WA",20210701,-22.61086,118.2939,"2021-07-01T00:00:00",24
"WAAPIL0014","WA",20150906,-22.6359,118.2249,"2015-09-06T11:27:35",41
"WAAPIL0014","WA",20210703,-22.6359,118.2249,"2021-07-03T09:30:00",18
"WAAPIL0015","WA",20150906,-22.60928,117.9357,"2015-09-06T17:42:59",17
"WAAPIL0016","WA",20150907,-22.72359,118.2681,"2015-09-07T14:17:32",37
"WAAPIL0017","WA",20150908,-22.13387,119.0237,"2015-09-08T14:11:04",17
"WAAPIL0017","WA",20210629,-22.13387,119.0237,"2021-06-29T09:30:00",28
"WAAPIL0018","WA",20150908,-22.33554,118.9878,"2015-09-08T17:47:53",15
"WAAPIL0018","WA",20210630,-22.33554,118.9878,"2021-06-30T00:00:00",16
"WAAPIL0019","WA",20150909,-22.30292,119.0129,"2015-09-09T15:56:03",25
"WAAPIL0019","WA",20210629,-22.30292,119.0129,"2021-06-29T00:00:00",15
"WAAPIL0020","WA",20160728,-21.61443,117.1205,"2016-07-28T12:40:52",7
"WAAPIL0021","WA",20160728,-21.60644,117.1161,"2016-07-28T17:58:17",16
"WAAPIL0022","WA",20160729,-21.58142,117.0974,"2016-07-29T15:58:51",22
"WAAPIL0023","WA",20160731,-22.255,118.6955,"2016-07-31T11:46:57",26
"WAAPIL0023","WA",20210701,-22.255,118.6955,"2021-07-01T00:00:00",27
"WAAPIL0024","WA",20160801,-22.4671,119.0852,"2016-08-01T10:12:44",34
"WAAPIL0024","WA",20210630,-22.4671,119.0852,"2021-06-30T00:00:00",30
"WAAPIL0025","WA",20160802,-22.70821,119.7087,"2016-08-02T00:00:00",28
"WAAPIL0025","WA",20210625,-22.70821,119.7087,"2021-06-25T00:00:00",38
"WAAPIL0026","WA",20160802,-22.76693,119.6314,"2016-08-02T15:57:28",25
"WAAPIL0026","WA",20210628,-22.76693,119.6314,"2021-06-28T09:30:00",22
"WAAPIL0027","WA",20160803,-22.69157,119.774,"2016-08-03T11:35:02",15
"WAAPIL0027","WA",20210626,-22.69157,119.774,"2021-06-26T00:00:00",8
"WAAPIL0028","WA",20160803,-22.67655,119.8401,"2016-08-03T16:38:16",14
"WAAPIL0028","WA",20210627,-22.67655,119.8401,"2021-06-27T00:00:00",25
"WAAPIL0029","WA",20160804,-22.66194,119.9177,"2016-08-04T13:31:31",23
"WAAPIL0029","WA",20210627,-22.66194,119.9177,"2021-06-27T09:30:00",33
"WAAPIL0030","WA",20160805,-23.31474,119.6325,"2016-08-05T13:30:18",17
"WAAPIL0031","WA",20160806,-23.14605,119.2653,"2016-08-06T01:30:00",16
"WAAPIL0032","WA",20160806,-23.18566,119.2379,"2016-08-06T15:46:00",19
"WAAPIL0033","WA",20160807,-23.21401,119.2024,"2016-08-07T12:41:50",22
"WAAPIL0034","WA",20160809,-23.30199,120.2171,"2016-08-09T11:52:39",15
"WAAPIL0035","WA",20160809,-23.36597,120.3442,"2016-08-09T17:21:55",19
"WAASWA0001","WA",20160902,-32.34425,115.9024,"2016-09-02T13:14:17",31
"WAASWA0002","WA",20160903,-32.33516,115.9072,"2016-09-03T12:44:02",28
"WAASWA0003","WA",20160904,-32.33732,115.9136,"2016-09-04T11:23:05",19
"WAASWA0004","WA",20160929,-31.37549,115.7135,"2016-09-29T12:30:46",35
"WAAVIB0001","WA",20160605,-15.57866,128.3671,"2016-06-05T11:33:45",7
"WAAVIB0001","WA",20210528,-15.57866,128.3671,"2021-05-28T00:00:00",11
"WAAVIB0002","WA",20160606,-15.71981,128.2716,"2016-06-06T09:46:46",22
"WAAVIB0002","WA",20210528,-15.71981,128.2716,"2021-05-28T00:00:00",19
"WAAVIB0003","WA",20160607,-16.00626,128.0233,"2016-06-07T14:27:15",34
"WAAVIB0003","WA",20210529,-16.00626,128.0233,"2021-05-29T00:00:00",34
"WAAVIB0004","WA",20160608,-15.81961,128.0979,"2016-06-08T09:38:02",51
"WAAYAL0001","WA",20190728,-26.14625,113.1591,"2019-07-28T15:39:18",26
"WAAYAL0002","WA",20190729,-26.25206,113.298,"2019-07-29T11:26:45",17
"WAAYAL0003","WA",20190729,-26.26417,113.3194,"2019-07-29T15:36:54",31
"WAAYAL0004","WA",20190730,-26.25462,113.3013,"2019-07-30T11:45:44",16
"WAAYAL0005","WA",20190730,-26.38998,113.3111,"2019-07-30T17:03:55",31
"WAAYAL0006","WA",20190826,-29.44682,116.9989,"2019-08-26T14:22:21",40
"WAAYAL0007","WA",20190826,-29.50691,116.9524,"2019-08-26T18:07:51",32
"WAAYAL0008","WA",20190827,-29.48227,117.0302,"2019-08-27T10:20:31",24
"WAGCOO0001","WA",20121008,-30.43613,120.6429,"2012-10-08T00:00:00",16
"WAGCOO0002","WA",20121009,-30.35099,120.6427,"2012-10-09T00:00:00",24
"WAGCOO0004","WA",20121010,-30.46526,120.8061,"2012-10-10T00:00:00",25
